id,first_name,last_name,email,gender,contactNo,country,dob
1,Colene,Do Rosario,cdorosario0@zdnet.com,Female,813 195 1480,Indonesia,11/17/2021
2,Sibyl,Clynman,sclynman1@naver.com,Male,426 470 5145,Russia,8/23/2021
3,Rose,Backshaw,rbackshaw2@homestead.com,Female,250 303 3818,Czech Republic,1/24/2022
4,Shauna,Sorsbie,ssorsbie3@macromedia.com,Female,755 375 9708,Kazakhstan,8/15/2021
5,Charil,Prichard,cprichard4@odnoklassniki.ru,Female,450 835 3258,Bahrain,6/11/2022
6,Corri,Mutton,cmutton5@sun.com,Female,726 322 6742,Indonesia,11/11/2021
7,Adamo,Toller,atoller6@psu.edu,Male,224 785 3925,China,6/16/2022
8,Wells,Bwye,wbwye7@vistaprint.com,Male,509 585 6764,China,3/15/2022
9,Shelley,Filov,sfilov8@bing.com,Male,935 294 2639,Czech Republic,9/9/2021
10,Rosalia,Widdison,rwiddison9@webnode.com,Female,251 690 5822,Indonesia,2/23/2022
11,Boothe,Darrigone,bdarrigonea@theatlantic.com,Male,571 556 8460,Indonesia,2/18/2022
12,Wilton,Sabban,wsabbanb@jimdo.com,Male,654 650 4852,Thailand,8/22/2021
13,Alwin,Riglesford,ariglesfordc@hibu.com,Male,212 409 1344,Indonesia,3/6/2022
14,Clarine,Guinnane,cguinnaned@army.mil,Female,675 574 4033,Japan,9/1/2021
15,Rhodia,Claughton,rclaughtone@histats.com,Female,441 445 7142,Bolivia,2/23/2022
16,Lynnett,McKerley,lmckerleyf@admin.ch,Female,587 428 2748,China,9/14/2021
17,Shermie,Hardesty,shardestyg@prnewswire.com,Male,676 782 0320,Indonesia,2/2/2022
18,Bartolemo,Viccary,bviccaryh@shinystat.com,Male,793 756 4169,Vietnam,10/26/2021
19,Kimberli,Bridgett,kbridgetti@rambler.ru,Female,207 195 8291,Pakistan,12/14/2021
20,Pedro,Brogan,pbroganj@nationalgeographic.com,Agender,651 605 8534,Russia,8/15/2021
21,Penny,Padefield,ppadefieldk@ft.com,Female,553 652 4484,Czech Republic,8/26/2021
22,Tobe,Smaleman,tsmalemanl@imgur.com,Male,929 878 3860,Yemen,4/23/2022
23,Janessa,Nutley,jnutleym@nsw.gov.au,Polygender,668 793 2813,Mexico,10/15/2021
24,Dale,Koschke,dkoschken@tripod.com,Agender,275 638 9092,Grenada,4/11/2022
25,Emory,Selly,esellyo@wufoo.com,Male,209 888 2903,Sierra Leone,4/12/2022
26,Maryellen,Chastang,mchastangp@stanford.edu,Female,385 548 5382,Indonesia,7/17/2022
27,Trudie,Tansey,ttanseyq@tmall.com,Female,362 668 3066,Ukraine,6/23/2022
28,Constantin,Douberday,cdouberdayr@dedecms.com,Male,756 942 6930,Azerbaijan,1/1/2022
29,Dion,Dahlbom,ddahlboms@sina.com.cn,Male,354 929 3386,Portugal,10/18/2021
30,Robbyn,Marshall,rmarshallt@weather.com,Female,342 498 8480,Japan,10/16/2021
31,Barbee,Ciotti,bciottiu@mlb.com,Female,744 850 1864,Philippines,9/15/2021
32,Eduino,Beagan,ebeaganv@ibm.com,Male,236 267 5603,China,6/2/2022
33,Sanford,Lyons,slyonsw@phpbb.com,Male,617 119 2887,Honduras,7/13/2022
34,Nicola,Whipple,nwhipplex@wikipedia.org,Bigender,433 451 8267,China,3/29/2022
35,Abbot,Haime,ahaimey@booking.com,Male,402 692 4263,Sweden,5/19/2022
36,Warren,Yaknov,wyaknovz@behance.net,Male,633 541 2108,Bulgaria,5/24/2022
37,Katrinka,Joly,kjoly10@1688.com,Female,734 810 7155,Pakistan,7/4/2022
38,Lorri,O'Luby,loluby11@creativecommons.org,Female,833 393 7181,China,5/5/2022
39,Cord,Tripney,ctripney12@hud.gov,Male,738 112 9728,Nigeria,10/8/2021
40,Callie,Bladge,cbladge13@vkontakte.ru,Female,441 465 1331,Finland,1/6/2022
41,Gill,Tortis,gtortis14@chron.com,Non-binary,653 405 1703,Colombia,4/4/2022
42,Shalom,Poytress,spoytress15@networksolutions.com,Male,640 670 5118,Ukraine,11/22/2021
43,Ulises,Timbridge,utimbridge16@squarespace.com,Male,171 586 1115,Indonesia,9/15/2021
44,Dorree,Gervaise,dgervaise17@live.com,Female,228 252 4925,Slovenia,12/17/2021
45,Millie,MacAughtrie,mmacaughtrie18@telegraph.co.uk,Female,301 218 5289,Indonesia,8/2/2022
46,Porty,Yurevich,pyurevich19@ebay.com,Male,309 537 3806,China,7/6/2022
47,Nathan,Trevaskus,ntrevaskus1a@bluehost.com,Male,152 579 1181,Indonesia,3/4/2022
48,Raina,Boxhill,rboxhill1b@pagesperso-orange.fr,Female,380 148 3172,Guatemala,5/22/2022
49,Meaghan,Dmitrichenko,mdmitrichenko1c@dedecms.com,Female,763 338 1267,France,8/12/2021
50,Herta,Semorad,hsemorad1d@census.gov,Female,190 407 9706,Nepal,4/23/2022
51,Leelah,Antonopoulos,lantonopoulos1e@sciencedaily.com,Polygender,576 565 7627,Cambodia,3/30/2022
52,Rosalyn,McGuffie,rmcguffie1f@ebay.com,Female,142 106 7376,Cameroon,2/15/2022
53,Delphine,Scorer,dscorer1g@springer.com,Female,770 541 1273,China,7/15/2022
54,Dollie,Boules,dboules1h@joomla.org,Female,414 504 7282,Brazil,5/14/2022
55,Quincey,Fabbri,qfabbri1i@ca.gov,Male,364 257 8904,Aland Islands,2/12/2022
56,Ranice,McKeurtan,rmckeurtan1j@cocolog-nifty.com,Female,799 176 7861,Indonesia,11/4/2021
57,Gustave,Collerd,gcollerd1k@barnesandnoble.com,Male,828 752 7030,Canada,7/27/2022
58,Earl,Edworthie,eedworthie1l@bloglovin.com,Male,896 233 0493,Thailand,6/3/2022
59,Izak,Hanny,ihanny1m@wsj.com,Male,164 308 7503,France,1/9/2022
60,Darby,Rous,drous1n@google.es,Female,394 238 0655,Nigeria,9/28/2021
61,Mack,Noteyoung,mnoteyoung1o@prnewswire.com,Male,985 565 6915,Chile,9/3/2021
62,Shamus,Rosenvasser,srosenvasser1p@google.it,Polygender,968 762 9264,Finland,10/1/2021
63,Monroe,Pointon,mpointon1q@studiopress.com,Male,696 630 5120,China,11/2/2021
64,Jeffrey,Carlin,jcarlin1r@ovh.net,Male,695 326 1971,Brazil,8/12/2021
65,Nero,Spohr,nspohr1s@craigslist.org,Male,951 718 4061,Luxembourg,3/19/2022
66,Rayna,Chimienti,rchimienti1t@t.co,Female,718 111 3661,Philippines,12/29/2021
67,Krystal,Travers,ktravers1u@smh.com.au,Female,810 427 4700,Nigeria,6/8/2022
68,Thornton,Sheryne,tsheryne1v@hubpages.com,Agender,893 903 5367,China,1/20/2022
69,Amelina,Richemont,arichemont1w@bbb.org,Female,806 982 7796,Poland,10/16/2021
70,Vasilis,Behnecke,vbehnecke1x@earthlink.net,Male,599 750 2573,Norway,8/14/2021
71,Melony,Kleuer,mkleuer1y@apache.org,Female,766 338 6613,Oman,2/21/2022
72,Ashli,Tuley,atuley1z@nba.com,Female,233 346 7740,Guatemala,3/19/2022
73,Isaac,Poutress,ipoutress20@princeton.edu,Male,573 913 6214,Brazil,1/2/2022
74,Afton,Domingues,adomingues21@sourceforge.net,Female,583 833 3790,Russia,1/27/2022
75,Christie,Bauldrey,cbauldrey22@pbs.org,Male,703 259 2479,Costa Rica,3/29/2022
76,Hillard,Mariot,hmariot23@hostgator.com,Male,609 134 3009,Peru,4/19/2022
77,Marlin,Buxton,mbuxton24@google.cn,Male,759 327 9399,Poland,7/2/2022
78,Griffin,Rengger,grengger25@ameblo.jp,Male,348 257 1503,Dominican Republic,6/5/2022
79,Davide,Bastistini,dbastistini26@gmpg.org,Male,681 521 0387,Russia,6/5/2022
80,Asia,McFade,amcfade27@cbsnews.com,Female,383 325 9956,China,7/26/2022
81,Alric,Sickert,asickert28@dagondesign.com,Male,183 699 5608,China,7/3/2022
82,Marsiella,Goly,mgoly29@gov.uk,Female,484 650 5729,Macedonia,6/13/2022
83,Bartlet,Moscrop,bmoscrop2a@yahoo.com,Male,127 484 1537,Portugal,6/12/2022
84,Em,Yokelman,eyokelman2b@blogs.com,Male,291 449 1720,Portugal,9/24/2021
85,Franny,Blaschke,fblaschke2c@businessinsider.com,Genderfluid,483 793 0567,Ireland,1/5/2022
86,Torrey,Bog,tbog2d@globo.com,Male,151 618 1099,Indonesia,7/16/2022
87,Annora,Pavlishchev,apavlishchev2e@apache.org,Female,705 774 9878,Indonesia,11/13/2021
88,Tedda,Ffoulkes,tffoulkes2f@slideshare.net,Female,464 572 2205,Poland,3/14/2022
89,Marina,Gillean,mgillean2g@free.fr,Female,605 117 2391,Russia,5/21/2022
90,Cherri,Dalli,cdalli2h@senate.gov,Female,860 417 4857,Czech Republic,3/2/2022
91,Ewan,Merrgen,emerrgen2i@hhs.gov,Male,625 161 4545,Bangladesh,4/24/2022
92,Timi,Spiteri,tspiteri2j@answers.com,Female,956 141 5382,Indonesia,2/10/2022
93,Merilyn,Messham,mmessham2k@macromedia.com,Female,968 224 9436,Brazil,6/25/2022
94,Christa,Maidens,cmaidens2l@4shared.com,Female,504 974 3232,Palestinian Territory,4/9/2022
95,Cassandry,Sarfatti,csarfatti2m@blogs.com,Female,931 338 8268,Colombia,3/22/2022
96,Josee,Chartre,jchartre2n@tripadvisor.com,Female,651 433 7298,Philippines,3/28/2022
97,Jud,Hold,jhold2o@fema.gov,Male,591 197 5005,Russia,9/29/2021
98,Jeromy,Bromet,jbromet2p@storify.com,Male,922 925 3020,Kazakhstan,6/4/2022
99,Minta,De la croix,mdelacroix2q@sohu.com,Female,885 253 4573,Poland,4/19/2022
100,Doy,Mayling,dmayling2r@businessinsider.com,Male,689 388 4017,Sri Lanka,4/19/2022
101,Jaimie,Houtby,jhoutby2s@cafepress.com,Male,997 852 1525,Vietnam,5/31/2022
102,Riobard,Schall,rschall2t@imageshack.us,Male,613 757 8492,China,9/14/2021
103,Sampson,Nunan,snunan2u@jigsy.com,Polygender,703 575 1592,Cambodia,2/3/2022
104,Coleman,Bibby,cbibby2v@unc.edu,Male,625 332 2863,France,8/3/2022
105,Chrissie,Clilverd,cclilverd2w@ustream.tv,Male,480 174 4651,South Africa,9/20/2021
106,Kerri,Meachem,kmeachem2x@washingtonpost.com,Female,195 108 7132,Tunisia,3/17/2022
107,Brandie,Rowden,browden2y@prweb.com,Female,173 952 1171,Peru,1/17/2022
108,Clyde,Calbrathe,ccalbrathe2z@lycos.com,Male,667 572 8644,Indonesia,4/24/2022
109,Dick,Georgeot,dgeorgeot30@eepurl.com,Polygender,742 606 7962,Indonesia,12/9/2021
110,Mallissa,Kervin,mkervin31@dagondesign.com,Female,593 889 6088,United Kingdom,5/7/2022
111,Darren,Kilgannon,dkilgannon32@dell.com,Male,319 675 0471,Croatia,12/10/2021
112,Kelbee,Reith,kreith33@latimes.com,Male,273 668 6219,Costa Rica,11/17/2021
113,Flynn,Jantot,fjantot34@miibeian.gov.cn,Male,482 329 1799,Greece,5/15/2022
114,Angelia,MacEveley,amaceveley35@dion.ne.jp,Female,851 742 7368,Luxembourg,1/11/2022
115,Miran,Decort,mdecort36@biglobe.ne.jp,Female,321 770 1507,Poland,12/4/2021
116,Pearla,Joincey,pjoincey37@xing.com,Female,206 387 5362,Philippines,9/15/2021
117,Kelci,Corris,kcorris38@mozilla.com,Female,679 520 6561,Poland,3/23/2022
118,Clevey,Creagh,ccreagh39@gmpg.org,Male,837 393 2257,Armenia,11/19/2021
119,Sly,Pears,spears3a@posterous.com,Male,224 890 5716,Honduras,5/17/2022
120,Cale,Shobrook,cshobrook3b@nsw.gov.au,Male,809 336 8132,Kosovo,12/1/2021
121,Letty,Barette,lbarette3c@g.co,Female,933 976 9340,Sweden,5/27/2022
122,Ulrika,Cringle,ucringle3d@jugem.jp,Female,889 523 0019,China,9/15/2021
123,Molli,Andriulis,mandriulis3e@independent.co.uk,Female,557 377 9369,Philippines,5/29/2022
124,Yovonnda,Blackmore,yblackmore3f@toplist.cz,Female,340 393 5750,Russia,1/4/2022
125,Jone,Attack,jattack3g@go.com,Male,942 762 7025,Zambia,3/27/2022
126,Kin,Greendale,kgreendale3h@liveinternet.ru,Male,799 135 4591,Canada,3/16/2022
127,Roze,Counter,rcounter3i@amazon.de,Agender,703 368 8691,France,9/20/2021
128,Phillis,Kasman,pkasman3j@amazon.com,Female,958 711 7687,Indonesia,12/19/2021
129,Ive,Lynthal,ilynthal3k@nasa.gov,Male,809 514 2765,Panama,6/23/2022
130,Massimiliano,Lovett,mlovett3l@ucla.edu,Polygender,205 697 0906,Sweden,11/1/2021
131,Raine,Lyenyng,rlyenyng3m@hugedomains.com,Female,929 146 6891,Afghanistan,7/17/2022
132,Abrahan,Richardson,arichardson3n@pinterest.com,Male,673 622 4044,Ukraine,3/16/2022
133,Brent,Sulland,bsulland3o@nationalgeographic.com,Male,653 141 9096,Sweden,12/8/2021
134,Marlie,Spacy,mspacy3p@example.com,Female,134 378 4819,Brazil,8/11/2022
135,Nady,Roze,nroze3q@chron.com,Female,972 971 7525,French Polynesia,11/13/2021
136,Robbin,Corson,rcorson3r@barnesandnoble.com,Female,418 968 3956,Portugal,9/5/2021
137,Vaughan,Rops,vrops3s@51.la,Male,943 655 1598,Thailand,12/28/2021
138,Murvyn,Willwood,mwillwood3t@prweb.com,Male,338 986 1226,Portugal,10/3/2021
139,Warner,Eyton,weyton3u@tumblr.com,Male,137 670 0093,Poland,12/11/2021
140,Dur,Pearsall,dpearsall3v@shop-pro.jp,Male,164 588 1188,Indonesia,5/11/2022
141,Donelle,Vallack,dvallack3w@slate.com,Female,636 273 2770,Poland,10/27/2021
142,Taber,Peerman,tpeerman3x@macromedia.com,Male,262 763 8015,Indonesia,7/19/2022
143,Krysta,McCowen,kmccowen3y@geocities.com,Female,384 129 7722,Brazil,5/11/2022
144,Kristien,Tregear,ktregear3z@nasa.gov,Female,161 158 7522,Philippines,8/15/2021
145,Marcelle,McAsgill,mmcasgill40@domainmarket.com,Female,214 349 7919,Ukraine,6/27/2022
146,Meryl,Trosdall,mtrosdall41@google.de,Male,191 985 7303,Portugal,1/7/2022
147,Marylee,Faulconbridge,mfaulconbridge42@slideshare.net,Female,487 967 8060,Canada,5/19/2022
148,Findley,Ritmeyer,fritmeyer43@walmart.com,Male,201 328 4394,Japan,1/10/2022
149,Ibrahim,Courtney,icourtney44@ucla.edu,Male,411 584 1098,Portugal,4/11/2022
150,Gianni,Tigner,gtigner45@pbs.org,Male,904 756 0104,Netherlands,7/3/2022
151,Eadmund,Kob,ekob46@microsoft.com,Male,865 358 8895,United States,2/10/2022
152,Eb,Aubrey,eaubrey47@google.es,Male,142 745 4277,Portugal,9/3/2021
153,Nikolia,Binnell,nbinnell48@imageshack.us,Female,469 798 9920,Colombia,5/26/2022
154,Titos,Woollam,twoollam49@pinterest.com,Male,563 649 9163,Slovenia,10/15/2021
155,Dennie,Swale,dswale4a@loc.gov,Female,771 356 0496,Jamaica,2/25/2022
156,Valerye,Lowndsbrough,vlowndsbrough4b@geocities.jp,Female,890 327 8398,Japan,10/7/2021
157,Jodee,Duplain,jduplain4c@vkontakte.ru,Female,293 731 2598,Poland,8/15/2021
158,Percival,Garroch,pgarroch4d@ihg.com,Male,791 667 3636,Portugal,8/25/2021
159,Mala,Kuscha,mkuscha4e@ebay.com,Female,283 392 8146,Canada,3/27/2022
160,Terrye,Rosterne,trosterne4f@ft.com,Female,392 818 9862,Indonesia,4/21/2022
161,Noll,Tootal,ntootal4g@addtoany.com,Male,525 957 2163,New Zealand,5/20/2022
162,Kenneth,Whales,kwhales4h@phpbb.com,Male,201 222 7313,China,2/7/2022
163,Lawry,Jehu,ljehu4i@uiuc.edu,Male,915 786 1653,North Korea,10/3/2021
164,Oberon,De Luna,odeluna4j@answers.com,Non-binary,802 903 4802,Brazil,8/15/2021
165,Ashton,Heskin,aheskin4k@vimeo.com,Male,717 119 6765,France,11/5/2021
166,Rivy,Dirr,rdirr4l@de.vu,Female,903 118 8313,Canada,5/26/2022
167,Aloysius,Scranny,ascranny4m@opensource.org,Male,768 395 9335,Brazil,1/19/2022
168,Welby,Monday,wmonday4n@cnn.com,Male,580 712 0588,Czech Republic,2/21/2022
169,Ruggiero,Magson,rmagson4o@amazon.co.uk,Male,928 363 0550,Indonesia,9/2/2021
170,Trent,Methringham,tmethringham4p@parallels.com,Male,101 529 0452,Armenia,11/24/2021
171,Salem,Brazer,sbrazer4q@etsy.com,Male,947 153 7281,Slovenia,9/21/2021
172,Darius,Cruise,dcruise4r@sbwire.com,Male,709 507 7660,China,11/3/2021
173,Cointon,Nelmes,cnelmes4s@blinklist.com,Male,514 554 6315,Indonesia,9/15/2021
174,Onfroi,Alexsandrev,oalexsandrev4t@mail.ru,Male,468 867 7209,Kyrgyzstan,10/16/2021
175,Corey,Leppington,cleppington4u@nydailynews.com,Male,138 316 4707,Brazil,2/16/2022
176,Bridie,Overall,boverall4v@people.com.cn,Genderfluid,141 497 4372,Thailand,9/11/2021
177,Nixie,Bosward,nbosward4w@huffingtonpost.com,Female,804 887 7542,Indonesia,4/24/2022
178,Carolynn,Wyldish,cwyldish4x@upenn.edu,Bigender,269 665 6461,Ireland,7/19/2022
179,Skylar,Scarr,sscarr4y@amazon.de,Male,248 362 5415,Peru,10/15/2021
180,Othelia,Skough,oskough4z@hao123.com,Female,435 550 2867,Poland,7/11/2022
181,Martin,Sabbatier,msabbatier50@yelp.com,Male,834 751 6975,China,2/13/2022
182,Othilie,Abrey,oabrey51@i2i.jp,Female,519 695 3619,China,7/11/2022
183,Shir,Reinbech,sreinbech52@icio.us,Female,701 947 9610,Sweden,11/4/2021
184,Suzy,Desforges,sdesforges53@blogtalkradio.com,Genderqueer,270 249 9483,China,7/7/2022
185,Aeriell,Dufoure,adufoure54@hp.com,Female,841 667 0460,Colombia,12/11/2021
186,Boote,Branch,bbranch55@scientificamerican.com,Male,834 943 1157,Russia,4/27/2022
187,Mortie,Haselhurst,mhaselhurst56@spotify.com,Bigender,882 182 3689,Tunisia,1/24/2022
188,Carmen,Duignan,cduignan57@desdev.cn,Female,636 448 0533,China,11/23/2021
189,Virginia,Cawthron,vcawthron58@about.me,Female,404 724 2692,Thailand,6/27/2022
190,Raphael,MacMakin,rmacmakin59@cornell.edu,Male,736 250 4758,Albania,11/25/2021
191,Jon,Shaxby,jshaxby5a@usgs.gov,Male,240 927 5570,Nigeria,6/13/2022
192,Trefor,Hickin,thickin5b@drupal.org,Male,735 630 3865,Portugal,7/21/2022
193,Angelico,Husset,ahusset5c@sitemeter.com,Male,445 961 8196,Spain,2/16/2022
194,Dudley,Tomkowicz,dtomkowicz5d@cnet.com,Male,457 920 7123,Greece,12/27/2021
195,Jolie,Shapera,jshapera5e@goo.gl,Female,648 230 1657,China,11/4/2021
196,Alisha,Leeson,aleeson5f@xing.com,Female,821 954 1658,Syria,2/5/2022
197,Alameda,Durbyn,adurbyn5g@51.la,Female,920 743 5084,Portugal,10/4/2021
198,Carina,Gorch,cgorch5h@ning.com,Female,346 972 5621,China,12/25/2021
199,Kristel,Grebert,kgrebert5i@nhs.uk,Female,372 623 5652,Iran,3/15/2022
200,Kylen,Lilie,klilie5j@slideshare.net,Non-binary,450 251 3676,Indonesia,9/15/2021
201,Berni,Breukelman,bbreukelman5k@dailymail.co.uk,Female,917 899 4296,United States,11/13/2021
202,Leeland,De Winton,ldewinton5l@google.de,Male,301 957 1971,China,11/17/2021
203,Livvy,Swate,lswate5m@cpanel.net,Female,448 166 5268,Yemen,6/21/2022
204,Junia,Pipe,jpipe5n@state.gov,Female,138 610 0888,Honduras,12/28/2021
205,Jessamyn,Ondrousek,jondrousek5o@meetup.com,Female,913 458 8272,Canada,7/5/2022
206,Dona,Willcott,dwillcott5p@parallels.com,Agender,124 390 9212,Canada,11/23/2021
207,Bengt,Hatchard,bhatchard5q@dell.com,Male,297 403 9211,Netherlands,9/10/2021
208,Ryley,Castanie,rcastanie5r@weebly.com,Male,189 176 8414,Philippines,4/4/2022
209,Michale,Harkus,mharkus5s@wisc.edu,Male,514 783 1282,Lithuania,7/21/2022
210,Bette,Aleswell,baleswell5t@github.com,Female,790 177 8994,Venezuela,4/5/2022
211,Kaja,Hovee,khovee5u@tinypic.com,Female,765 136 8861,France,11/26/2021
212,Ado,Greeveson,agreeveson5v@msn.com,Male,517 516 2775,Poland,1/27/2022
213,Dietrich,McElrath,dmcelrath5w@sitemeter.com,Bigender,294 521 5733,China,5/19/2022
214,Marshall,Heggman,mheggman5x@t-online.de,Male,814 187 7540,United States,12/1/2021
215,Calla,Capenor,ccapenor5y@ucsd.edu,Female,403 514 5532,Serbia,10/31/2021
216,Fred,Gutcher,fgutcher5z@squidoo.com,Genderfluid,523 598 8266,Russia,11/18/2021
217,Graehme,Melloi,gmelloi60@time.com,Male,281 801 8916,Brazil,3/13/2022
218,Elora,Ciccone,eciccone61@miibeian.gov.cn,Female,386 313 7869,Argentina,1/24/2022
219,Alfreda,Jackways,ajackways62@deviantart.com,Female,788 466 7332,Thailand,12/20/2021
220,Hebert,Gomez,hgomez63@telegraph.co.uk,Genderqueer,440 863 3585,Indonesia,12/4/2021
221,Merrili,Bagwell,mbagwell64@ustream.tv,Female,359 703 0593,Portugal,4/26/2022
222,Lonnie,Kingsford,lkingsford65@marriott.com,Female,379 406 9972,Philippines,4/16/2022
223,Anna-diana,Westmarland,awestmarland66@mtv.com,Female,133 673 2345,Serbia,6/17/2022
224,Chadd,Boice,cboice67@amazon.co.jp,Male,443 688 7003,Vietnam,4/11/2022
225,Faydra,Roots,froots68@skyrock.com,Female,808 828 8331,Norway,11/10/2021
226,Rolfe,Gobert,rgobert69@wisc.edu,Male,902 527 3858,Czech Republic,10/3/2021
227,Harvey,Dmitrichenko,hdmitrichenko6a@geocities.com,Male,777 141 3681,Ukraine,6/18/2022
228,Elberta,Sharpless,esharpless6b@newyorker.com,Agender,683 246 3315,Ukraine,1/28/2022
229,Vickie,Haskett,vhaskett6c@drupal.org,Female,745 152 3183,Bosnia and Herzegovina,4/18/2022
230,Rock,Spencers,rspencers6d@economist.com,Male,760 609 9208,Greece,8/15/2021
231,Farleigh,Hallwood,fhallwood6e@mac.com,Male,537 518 9627,China,7/30/2022
232,Alysa,Fairholm,afairholm6f@indiegogo.com,Female,380 857 6737,Indonesia,7/8/2022
233,Jocelyn,Napoli,jnapoli6g@cbslocal.com,Female,219 827 6026,Kazakhstan,6/18/2022
234,Mair,Osanne,mosanne6h@indiatimes.com,Female,389 852 2226,Sweden,12/1/2021
235,Fancy,Dinsey,fdinsey6i@1und1.de,Female,197 534 1028,Netherlands,5/11/2022
236,Rudolf,McOwen,rmcowen6j@w3.org,Male,718 275 5599,Spain,11/29/2021
237,Franklin,Densun,fdensun6k@springer.com,Male,773 633 6786,Indonesia,10/14/2021
238,Filippo,Froom,ffroom6l@huffingtonpost.com,Male,857 897 9249,Bahamas,9/12/2021
239,Robyn,Airey,rairey6m@cpanel.net,Female,746 223 6027,France,1/30/2022
240,Aylmer,McCrone,amccrone6n@fc2.com,Male,529 834 3094,Portugal,4/11/2022
241,Rafe,Wapples,rwapples6o@de.vu,Polygender,962 997 3153,China,2/2/2022
242,Hadrian,Zanussii,hzanussii6p@yahoo.co.jp,Male,396 207 7079,China,8/18/2021
243,Etheline,Buxcey,ebuxcey6q@barnesandnoble.com,Female,272 520 3599,Cuba,8/15/2021
244,Anette,Pettit,apettit6r@blinklist.com,Female,803 472 0511,Kazakhstan,12/19/2021
245,Reginauld,Bauser,rbauser6s@cornell.edu,Male,688 808 9164,Bulgaria,12/20/2021
246,Vinnie,Borgnet,vborgnet6t@apple.com,Female,639 206 5540,China,5/29/2022
247,Rubin,Ozintsev,rozintsev6u@jimdo.com,Male,698 939 4402,Vietnam,4/15/2022
248,Laraine,Ruppeli,lruppeli6v@answers.com,Female,307 429 5005,China,6/11/2022
249,Karole,MacSween,kmacsween6w@microsoft.com,Female,967 195 3049,Peru,2/27/2022
250,Audry,Sammon,asammon6x@engadget.com,Female,709 155 9090,Russia,9/6/2021
251,Terrel,Lorand,tlorand6y@storify.com,Male,463 692 7155,Yemen,5/12/2022
252,Kerby,Mackrell,kmackrell6z@canalblog.com,Male,574 353 6452,Tunisia,12/11/2021
253,Artemas,McCoid,amccoid70@pinterest.com,Male,807 122 9225,China,1/11/2022
254,Rey,Boule,rboule71@mysql.com,Male,400 370 9058,Argentina,6/29/2022
255,Tonnie,Willetts,twilletts72@odnoklassniki.ru,Male,601 407 7673,France,7/9/2022
256,Elayne,O' Bee,eobee73@twitpic.com,Female,410 357 4476,Japan,9/7/2021
257,Mischa,Newborn,mnewborn74@privacy.gov.au,Genderqueer,770 928 1801,North Korea,2/20/2022
258,Sebastiano,Bordone,sbordone75@vinaora.com,Male,303 345 0198,United States,2/1/2022
259,Doralin,Rutledge,drutledge76@acquirethisname.com,Female,213 324 7395,United States,6/11/2022
260,Marwin,Bolderstone,mbolderstone77@paypal.com,Male,504 178 6863,Serbia,8/13/2021
261,Terri-jo,Loblie,tloblie78@google.co.uk,Female,648 707 8129,China,4/27/2022
262,Berny,Sawday,bsawday79@bluehost.com,Female,906 487 0752,France,4/13/2022
263,Christiana,Duxbury,cduxbury7a@issuu.com,Female,194 200 6578,Poland,2/28/2022
264,Bary,Madsen,bmadsen7b@oaic.gov.au,Male,243 921 1904,Philippines,9/22/2021
265,Carlynne,Wace,cwace7c@cafepress.com,Female,181 548 7817,Iran,5/25/2022
266,Joel,Abramamov,jabramamov7d@businessinsider.com,Agender,227 893 6820,China,4/25/2022
267,Liva,Twycross,ltwycross7e@fda.gov,Female,155 384 8917,Poland,12/10/2021
268,Myrna,Jepps,mjepps7f@livejournal.com,Female,580 499 9036,China,7/27/2022
269,Vivyanne,Quarrington,vquarrington7g@joomla.org,Female,243 791 8089,Zambia,6/8/2022
270,Ernest,Messer,emesser7h@chicagotribune.com,Male,927 521 0167,China,12/17/2021
271,Christina,Lensch,clensch7i@mac.com,Female,756 686 6897,Indonesia,7/15/2022
272,Nadia,Barford,nbarford7j@house.gov,Non-binary,610 498 9323,Indonesia,5/3/2022
273,Jenni,Morfey,jmorfey7k@purevolume.com,Female,795 928 3055,China,11/11/2021
274,Juanita,Leicester,jleicester7l@webeden.co.uk,Female,161 266 7079,Iran,8/6/2022
275,Norina,Denyukin,ndenyukin7m@t.co,Female,903 708 1164,China,4/1/2022
276,Wilhelmine,Agett,wagett7n@yolasite.com,Female,904 883 4286,China,5/2/2022
277,Ashla,Snazle,asnazle7o@google.fr,Genderfluid,507 833 9582,Sweden,12/15/2021
278,Tova,Gianullo,tgianullo7p@time.com,Female,358 907 6259,South Korea,11/27/2021
279,Lorena,Suddell,lsuddell7q@epa.gov,Female,394 644 3644,Colombia,7/12/2022
280,Molli,Muslim,mmuslim7r@tinypic.com,Female,440 154 5128,France,6/22/2022
281,Inigo,Whebell,iwhebell7s@gravatar.com,Male,806 439 2776,Norway,4/28/2022
282,Cesya,Bettison,cbettison7t@macromedia.com,Female,841 899 1810,Reunion,5/27/2022
283,Piggy,Crissil,pcrissil7u@jiathis.com,Male,777 910 9133,China,10/15/2021
284,Alanah,Buglar,abuglar7v@dailymotion.com,Female,772 521 6953,Kazakhstan,3/6/2022
285,Roxana,Broz,rbroz7w@stumbleupon.com,Female,156 589 0352,Peru,9/26/2021
286,Leonora,Fanton,lfanton7x@earthlink.net,Female,700 202 1941,Indonesia,8/1/2022
287,Lynnett,Gaiford,lgaiford7y@mashable.com,Female,426 114 5389,Philippines,7/12/2022
288,Charmaine,Asey,casey7z@multiply.com,Female,951 308 9796,France,12/20/2021
289,Imogen,Burnand,iburnand80@indiatimes.com,Genderqueer,425 201 7565,Indonesia,3/5/2022
290,Cyndy,Fardon,cfardon81@clickbank.net,Female,333 550 1008,Portugal,2/10/2022
291,Nathanael,Dallison,ndallison82@sphinn.com,Male,954 303 9747,Poland,4/24/2022
292,Jo,Grigoire,jgrigoire83@umich.edu,Genderfluid,407 459 8105,China,2/23/2022
293,Bard,Camidge,bcamidge84@google.com.hk,Male,452 991 5876,Indonesia,6/7/2022
294,Lief,Bingle,lbingle85@e-recht24.de,Male,274 248 1872,China,11/12/2021
295,Jessie,Bone,jbone86@prnewswire.com,Female,878 780 0894,Russia,12/6/2021
296,Kim,Harriagn,kharriagn87@squarespace.com,Female,113 316 3588,Russia,3/21/2022
297,Susette,Bryden,sbryden88@fotki.com,Female,606 346 5370,Colombia,12/24/2021
298,Findley,Petras,fpetras89@paypal.com,Male,886 348 2865,Israel,8/30/2021
299,Celie,Wombwell,cwombwell8a@squidoo.com,Female,570 595 5790,China,8/20/2021
300,Auroora,Grinikhinov,agrinikhinov8b@nature.com,Female,237 801 1979,Ethiopia,3/14/2022
301,Ophelie,Bigham,obigham8c@fotki.com,Female,127 250 5137,Indonesia,3/16/2022
302,Constantine,Owthwaite,cowthwaite8d@sogou.com,Genderfluid,103 727 6616,China,3/8/2022
303,Morris,Overstreet,moverstreet8e@diigo.com,Male,464 358 5349,Pakistan,11/10/2021
304,Marty,Hedditch,mhedditch8f@cdbaby.com,Female,316 881 4833,Russia,6/22/2022
305,Fernanda,Chadney,fchadney8g@zimbio.com,Female,650 400 1606,Canada,5/4/2022
306,Vivia,Chadband,vchadband8h@merriam-webster.com,Female,391 150 6168,Argentina,12/26/2021
307,Meris,Woodfin,mwoodfin8i@imgur.com,Female,215 732 2072,Canada,8/6/2022
308,Keslie,Extal,kextal8j@earthlink.net,Genderfluid,238 364 0121,Argentina,3/27/2022
309,Antonia,Hutton,ahutton8k@blogspot.com,Female,563 523 9488,Russia,12/21/2021
310,Barbara,Houson,bhouson8l@seattletimes.com,Female,409 512 0588,Indonesia,8/11/2022
311,Mervin,Breward,mbreward8m@tripadvisor.com,Genderqueer,447 301 4137,China,10/13/2021
312,Dante,Chatto,dchatto8n@360.cn,Male,838 811 1713,Lithuania,4/26/2022
313,Ring,Brimicombe,rbrimicombe8o@va.gov,Male,298 655 9519,Russia,4/17/2022
314,Cooper,Burl,cburl8p@alibaba.com,Male,994 401 8872,Argentina,5/30/2022
315,Phelia,Filippone,pfilippone8q@aol.com,Female,737 280 6064,Canada,8/29/2021
316,Johnathan,Chopin,jchopin8r@ucoz.com,Male,733 727 2575,Peru,6/10/2022
317,Lorin,Fido,lfido8s@wired.com,Male,423 306 3423,France,2/26/2022
318,Renado,Bagwell,rbagwell8t@delicious.com,Male,160 955 9682,Yemen,12/27/2021
319,Finn,Maultby,fmaultby8u@theguardian.com,Genderqueer,419 722 3671,China,10/12/2021
320,Eugene,Jonsson,ejonsson8v@yelp.com,Male,999 311 5222,China,4/19/2022
321,Kai,Clegg,kclegg8w@pinterest.com,Female,492 203 9807,Thailand,1/13/2022
322,Artemis,Kinnier,akinnier8x@dagondesign.com,Male,805 308 6394,Russia,5/12/2022
323,Krystalle,Hanhart,khanhart8y@senate.gov,Female,565 468 9552,China,12/25/2021
324,Chadd,Cowburn,ccowburn8z@ning.com,Male,589 123 4077,Armenia,10/20/2021
325,Nancy,Phillips,nphillips90@mlb.com,Female,912 453 4071,Russia,8/3/2022
326,Corbie,Gueste,cgueste91@japanpost.jp,Agender,446 516 5124,Ethiopia,12/22/2021
327,Cross,Kleinstub,ckleinstub92@plala.or.jp,Non-binary,184 916 8561,Thailand,11/28/2021
328,Arleyne,Sewley,asewley93@bloglovin.com,Female,393 809 7573,Brazil,8/4/2022
329,Caspar,O'Dyvoy,codyvoy94@virginia.edu,Male,284 864 6619,China,5/20/2022
330,Brocky,Laidlow,blaidlow95@vimeo.com,Male,255 157 5856,China,2/7/2022
331,Murry,Lebarree,mlebarree96@devhub.com,Male,916 320 4514,Ireland,10/25/2021
332,Charita,Dibdall,cdibdall97@boston.com,Female,902 412 9665,Dominican Republic,4/25/2022
333,Gus,Avraham,gavraham98@istockphoto.com,Female,540 765 3143,Greece,11/29/2021
334,Tedmund,Skelhorn,tskelhorn99@hatena.ne.jp,Bigender,832 916 2201,Bosnia and Herzegovina,6/30/2022
335,Enos,Elan,eelan9a@redcross.org,Male,860 629 7925,China,8/29/2021
336,Obadias,Buxam,obuxam9b@uol.com.br,Male,314 410 7470,China,11/3/2021
337,Domini,Yielding,dyielding9c@google.es,Female,355 689 0633,China,5/6/2022
338,Todd,Simoncini,tsimoncini9d@theglobeandmail.com,Male,800 501 2045,Philippines,11/8/2021
339,Lizette,Tanswill,ltanswill9e@nationalgeographic.com,Female,205 402 8392,United States,3/20/2022
340,Rhodie,Smoote,rsmoote9f@shutterfly.com,Female,225 487 0042,Sweden,7/4/2022
341,Rosco,Izakoff,rizakoff9g@salon.com,Male,666 749 0341,China,12/23/2021
342,Gan,McPhaden,gmcphaden9h@simplemachines.org,Male,351 590 4840,Pakistan,12/28/2021
343,Tove,Abthorpe,tabthorpe9i@cbsnews.com,Female,582 483 8531,Colombia,3/5/2022
344,Cynthy,Entwistle,centwistle9j@free.fr,Female,524 248 5845,Kazakhstan,7/14/2022
345,Maegan,Bengtsson,mbengtsson9k@abc.net.au,Female,278 943 1423,Uganda,6/15/2022
346,Nicholle,Mcsarry,nmcsarry9l@bizjournals.com,Female,891 795 6529,Indonesia,9/11/2021
347,Roselin,Smillie,rsmillie9m@dion.ne.jp,Female,409 774 5090,Uganda,7/12/2022
348,Glyn,Monnelly,gmonnelly9n@mozilla.org,Male,531 458 9503,Chile,6/20/2022
349,Terrence,McCullum,tmccullum9o@mashable.com,Male,109 136 5321,Benin,4/13/2022
350,Helenka,Aspinal,haspinal9p@moonfruit.com,Female,533 680 3727,Angola,2/25/2022
351,Wittie,Dowtry,wdowtry9q@miitbeian.gov.cn,Male,619 121 2613,Poland,2/13/2022
352,Joellyn,Locock,jlocock9r@hibu.com,Female,463 632 6743,Indonesia,5/13/2022
353,Konstanze,Diamant,kdiamant9s@salon.com,Polygender,684 600 4144,Australia,7/1/2022
354,Felipa,Banham,fbanham9t@buzzfeed.com,Female,371 191 1832,Sweden,6/2/2022
355,Artus,Dowdney,adowdney9u@ustream.tv,Male,291 836 7030,Japan,9/13/2021
356,Prescott,Stanborough,pstanborough9v@scientificamerican.com,Male,789 449 7641,Japan,8/29/2021
357,Miller,Peto,mpeto9w@nytimes.com,Male,923 605 0971,Indonesia,4/26/2022
358,Gib,Melbert,gmelbert9x@unesco.org,Male,146 614 5463,China,12/3/2021
359,Bryn,Care,bcare9y@noaa.gov,Female,813 695 5878,Argentina,10/13/2021
360,Yule,Ionnidis,yionnidis9z@privacy.gov.au,Male,239 460 7965,Mexico,6/1/2022
361,Flynn,Geelan,fgeelana0@elpais.com,Male,579 474 6780,Philippines,5/5/2022
362,Adel,Clemon,aclemona1@printfriendly.com,Female,479 979 2851,Indonesia,1/11/2022
363,Merrilee,Menendes,mmenendesa2@prweb.com,Female,821 922 0211,Portugal,7/22/2022
364,Dav,Johnson,djohnsona3@google.es,Male,534 212 8897,Russia,11/15/2021
365,Devi,Grishin,dgrishina4@mashable.com,Female,900 673 0119,Indonesia,10/11/2021
366,Luigi,Shalloo,lshallooa5@icq.com,Male,883 699 6548,France,1/23/2022
367,Joni,Rubbert,jrubberta6@aol.com,Female,231 467 0590,United States,3/26/2022
368,Ignazio,Roakes,iroakesa7@tumblr.com,Male,433 515 6721,Philippines,10/20/2021
369,Bertina,Vickress,bvickressa8@technorati.com,Female,962 601 6168,Canada,3/22/2022
370,Derron,Werrilow,dwerrilowa9@fastcompany.com,Male,189 295 9559,China,4/16/2022
371,Carolan,Le Houx,clehouxaa@soundcloud.com,Female,498 346 3747,Colombia,1/15/2022
372,Hilary,Rennenbach,hrennenbachab@facebook.com,Male,777 975 1212,Indonesia,1/5/2022
373,Pascal,Faas,pfaasac@umich.edu,Male,997 552 3437,Sweden,3/19/2022
374,Kizzie,MacTrustey,kmactrusteyad@usnews.com,Genderqueer,712 430 5297,Albania,1/1/2022
375,Eleonore,O'Fihillie,eofihillieae@smugmug.com,Female,432 618 9220,Bahrain,11/19/2021
376,Katusha,Woodburn,kwoodburnaf@psu.edu,Bigender,486 909 5422,Iran,6/8/2022
377,Jaquelyn,Udie,judieag@vk.com,Female,314 980 3339,Indonesia,11/18/2021
378,Boyd,Cuttles,bcuttlesah@live.com,Male,291 220 4989,Poland,11/20/2021
379,Haslett,Kitchingman,hkitchingmanai@soundcloud.com,Male,913 285 4648,France,12/21/2021
380,Maddalena,Eliassen,meliassenaj@devhub.com,Female,216 189 8961,Russia,2/6/2022
381,Maurizia,Buttner,mbuttnerak@paypal.com,Female,478 218 7287,Russia,10/24/2021
382,Con,Charteris,ccharterisal@dedecms.com,Female,239 924 2146,China,5/21/2022
383,Nonie,Ochterlony,nochterlonyam@yale.edu,Female,212 319 0232,United States,2/15/2022
384,Rockwell,Titcom,rtitcoman@deviantart.com,Male,561 698 9373,Poland,8/15/2021
385,Beaufort,Felgat,bfelgatao@economist.com,Male,776 214 7365,Russia,10/25/2021
386,Nikki,Whartonby,nwhartonbyap@furl.net,Female,826 702 3363,China,8/21/2021
387,Barrie,Bettenson,bbettensonaq@clickbank.net,Male,521 702 5520,Colombia,8/17/2021
388,Leandra,Kemson,lkemsonar@1688.com,Female,644 949 9391,Sierra Leone,9/25/2021
389,Flori,Bunce,fbunceas@xrea.com,Female,396 937 7891,Sweden,8/28/2021
390,Cyndy,Hewlings,chewlingsat@who.int,Female,278 165 3768,China,12/26/2021
391,Roselin,Deguara,rdeguaraau@cam.ac.uk,Female,611 287 4005,Philippines,3/12/2022
392,Fayre,Jope,fjopeav@behance.net,Female,574 401 1978,China,10/25/2021
393,Maxy,O'Geaney,mogeaneyaw@reddit.com,Male,990 358 5611,Indonesia,12/14/2021
394,Carroll,Nabbs,cnabbsax@vistaprint.com,Male,129 419 2123,Brazil,10/29/2021
395,Bar,Turone,bturoneay@mac.com,Male,651 655 6877,Russia,6/27/2022
396,Glory,Esel,geselaz@chron.com,Genderfluid,654 274 8043,Indonesia,12/17/2021
397,Findlay,Coulthard,fcoulthardb0@smh.com.au,Male,703 812 8187,China,11/5/2021
398,Jareb,Robelet,jrobeletb1@columbia.edu,Male,460 690 2594,Colombia,5/1/2022
399,Salomo,Bangham,sbanghamb2@google.de,Bigender,125 746 4544,Indonesia,6/11/2022
400,Karita,Dobrowolny,kdobrowolnyb3@adobe.com,Genderfluid,347 351 8012,China,10/20/2021
401,Kenyon,Ellerbeck,kellerbeckb4@theguardian.com,Male,143 967 8511,Indonesia,10/3/2021
402,Sallyanne,Lyes,slyesb5@theglobeandmail.com,Female,243 636 1002,China,5/7/2022
403,Theodoric,Laurentino,tlaurentinob6@cdbaby.com,Agender,974 563 2379,Sweden,9/10/2021
404,Liuka,Slaten,lslatenb7@1688.com,Female,122 880 2708,Panama,2/1/2022
405,Emelen,Jesse,ejesseb8@ow.ly,Male,870 378 8891,Canada,11/16/2021
406,Bernard,Pistol,bpistolb9@ftc.gov,Male,290 408 1595,Indonesia,6/12/2022
407,Karel,Fronzek,kfronzekba@ucoz.ru,Male,799 255 2417,Philippines,8/22/2021
408,Iorgo,Pretor,ipretorbb@auda.org.au,Male,831 287 6277,China,8/18/2021
409,Orsola,Faill,ofaillbc@hubpages.com,Female,885 671 4340,Peru,10/27/2021
410,Irene,Heaseman,iheasemanbd@disqus.com,Non-binary,629 142 1883,Peru,9/18/2021
411,Adelle,Chavez,achavezbe@webs.com,Female,314 749 2754,China,7/25/2022
412,Ynes,Bitterton,ybittertonbf@narod.ru,Female,572 927 7127,China,6/22/2022
413,Daveen,Peplow,dpeplowbg@nba.com,Agender,757 314 7568,Japan,4/11/2022
414,Rodie,Slainey,rslaineybh@wordpress.org,Female,952 326 3363,Philippines,4/17/2022
415,Shem,Stolli,sstollibi@hp.com,Male,755 610 8462,Germany,2/4/2022
416,Eddy,Skotcher,eskotcherbj@theatlantic.com,Male,570 700 2471,China,2/27/2022
417,Melloney,McLorinan,mmclorinanbk@plala.or.jp,Female,540 242 5976,China,2/20/2022
418,Cosimo,Piddlesden,cpiddlesdenbl@unc.edu,Male,321 576 3600,Albania,12/4/2021
419,Kaine,Tamblingson,ktamblingsonbm@nps.gov,Male,790 420 6710,Russia,3/16/2022
420,Micheal,Jope,mjopebn@imdb.com,Male,846 496 0670,Brazil,1/10/2022
421,Cliff,Ferrieres,cferrieresbo@irs.gov,Male,147 930 1210,Indonesia,7/13/2022
422,Reinwald,Stot,rstotbp@w3.org,Male,459 855 1053,Russia,2/20/2022
423,Berny,McWhannel,bmcwhannelbq@e-recht24.de,Male,505 819 1290,Indonesia,8/17/2021
424,Denni,Tollady,dtolladybr@google.co.jp,Female,967 616 7569,China,6/30/2022
425,Clark,Grunbaum,cgrunbaumbs@arstechnica.com,Male,790 235 4024,Ukraine,3/14/2022
426,Regan,Godley,rgodleybt@mlb.com,Female,406 152 8228,China,3/29/2022
427,Carlotta,Rowledge,crowledgebu@dagondesign.com,Polygender,846 262 6938,Morocco,4/9/2022
428,Bern,Priddis,bpriddisbv@zimbio.com,Male,464 632 0990,Peru,12/24/2021
429,Ruperta,Kunes,rkunesbw@netscape.com,Polygender,335 840 4859,Nicaragua,9/26/2021
430,Ree,Rodder,rrodderbx@dailymail.co.uk,Female,763 176 6955,United States,3/18/2022
431,Foss,Casajuana,fcasajuanaby@nydailynews.com,Non-binary,459 128 6367,Sweden,10/9/2021
432,Janetta,Suermeiers,jsuermeiersbz@cdbaby.com,Female,145 821 9017,Germany,7/17/2022
433,Nari,Gircke,ngirckec0@msu.edu,Female,295 768 0571,Hungary,5/9/2022
434,Bradford,Elgar,belgarc1@time.com,Male,207 768 5118,Philippines,1/7/2022
435,Edithe,Lowle,elowlec2@smh.com.au,Female,857 120 6649,Philippines,3/4/2022
436,Tierney,Bearn,tbearnc3@tiny.cc,Female,695 102 8343,Syria,12/23/2021
437,Steffi,Keddie,skeddiec4@google.de,Female,704 604 6144,Czech Republic,12/15/2021
438,Ellary,Rivalant,erivalantc5@tiny.cc,Male,850 464 5168,Philippines,9/4/2021
439,Jada,Lythgoe,jlythgoec6@imageshack.us,Female,296 995 7004,Russia,5/26/2022
440,Marion,Thibodeaux,mthibodeauxc7@craigslist.org,Male,718 689 5289,Russia,10/28/2021
441,Wilbert,Hatwells,whatwellsc8@godaddy.com,Male,254 433 8884,Russia,1/7/2022
442,Waite,Janson,wjansonc9@unc.edu,Male,194 257 6460,Croatia,9/1/2021
443,Loree,Lazell,llazellca@weather.com,Female,333 167 0655,Macedonia,1/12/2022
444,Evonne,Fowell,efowellcb@thetimes.co.uk,Female,234 857 9713,France,1/29/2022
445,Mona,Vedyasov,mvedyasovcc@chicagotribune.com,Female,135 160 6670,China,8/27/2021
446,Boycie,Wasbey,bwasbeycd@twitter.com,Male,804 867 2741,South Africa,6/20/2022
447,Glynis,Roman,gromance@statcounter.com,Female,313 420 8433,China,4/4/2022
448,Reggie,Durbann,rdurbanncf@delicious.com,Male,906 562 5620,Poland,3/16/2022
449,Rosemaria,Cartmell,rcartmellcg@qq.com,Female,821 281 8752,Poland,2/5/2022
450,Courtney,Penvarne,cpenvarnech@quantcast.com,Female,906 767 2112,Kazakhstan,4/10/2022
451,Henryetta,Shelper,hshelperci@bloglines.com,Female,782 822 7955,Iran,6/27/2022
452,Madlin,Thexton,mthextoncj@toplist.cz,Polygender,734 813 3523,Poland,1/4/2022
453,Mirilla,Brockie,mbrockieck@jimdo.com,Female,134 913 9684,China,9/13/2021
454,Alley,MacGruer,amacgruercl@jalbum.net,Male,927 710 3269,Albania,1/14/2022
455,Faunie,Gallaher,fgallahercm@weibo.com,Genderqueer,665 589 6431,Colombia,12/31/2021
456,Penny,Tredget,ptredgetcn@msn.com,Genderqueer,925 814 5023,Indonesia,5/10/2022
457,Tybi,Bradley,tbradleyco@simplemachines.org,Female,586 842 8145,Croatia,11/22/2021
458,Maisey,Sargint,msargintcp@cam.ac.uk,Female,425 486 8835,Indonesia,12/20/2021
459,Salvatore,Costar,scostarcq@homestead.com,Male,438 376 0790,New Zealand,8/3/2022
460,Gusty,Gallamore,ggallamorecr@diigo.com,Female,500 609 3098,Portugal,11/7/2021
461,Richie,Slobom,rslobomcs@exblog.jp,Male,780 863 9827,Colombia,7/16/2022
462,Sherline,Naughton,snaughtonct@spotify.com,Female,645 404 8211,China,3/25/2022
463,Mattie,McNeice,mmcneicecu@indiegogo.com,Male,520 640 6957,Russia,12/11/2021
464,Juliet,Pusey,jpuseycv@google.ca,Female,333 576 8839,Ukraine,12/16/2021
465,Rachael,Egleton,regletoncw@imdb.com,Agender,102 974 5223,Mexico,5/18/2022
466,Corey,Matveichev,cmatveichevcx@reference.com,Agender,219 459 8327,Philippines,8/9/2022
467,Gray,Tildesley,gtildesleycy@utexas.edu,Female,132 250 0250,Poland,5/24/2022
468,Mareah,Fane,mfanecz@liveinternet.ru,Female,781 808 1440,China,4/4/2022
469,Andreas,Kovalski,akovalskid0@ft.com,Male,418 874 0473,China,6/14/2022
470,Tersina,Dyet,tdyetd1@networkadvertising.org,Female,987 854 4957,Palestinian Territory,9/28/2021
471,Cchaddie,Scotchford,cscotchfordd2@rambler.ru,Male,120 419 8155,Poland,9/4/2021
472,Jannel,Shakespeare,jshakespeared3@msu.edu,Female,553 305 2886,China,6/12/2022
473,Lilah,Castanone,lcastanoned4@php.net,Female,698 475 7321,China,8/26/2021
474,Benoite,Leibold,bleiboldd5@sphinn.com,Female,577 974 3569,Indonesia,10/20/2021
475,Farrel,McLauchlin,fmclauchlind6@yolasite.com,Male,712 378 8588,Macedonia,6/27/2022
476,Rock,Andriesse,randriessed7@upenn.edu,Male,415 837 5872,Namibia,1/14/2022
477,Lance,Humpatch,lhumpatchd8@blogger.com,Male,801 724 4760,China,7/22/2022
478,Marney,Birkenshaw,mbirkenshawd9@auda.org.au,Female,546 507 7349,China,1/17/2022
479,Robinson,Boman,rbomanda@behance.net,Male,690 475 3133,Finland,3/3/2022
480,Antonio,Swinford,aswinforddb@npr.org,Bigender,717 769 1400,Poland,9/16/2021
481,Klarika,Englefield,kenglefielddc@privacy.gov.au,Female,938 537 5155,Iran,10/19/2021
482,Bernie,Blindermann,bblindermanndd@go.com,Female,435 966 6792,China,7/26/2022
483,Esmaria,Butt Gow,ebuttgowde@adobe.com,Female,946 845 4839,China,2/25/2022
484,Torry,Robus,trobusdf@squidoo.com,Male,431 502 9787,Philippines,5/8/2022
485,Linus,McGlone,lmcglonedg@linkedin.com,Male,396 613 1595,Brazil,3/28/2022
486,Thane,Blenkhorn,tblenkhorndh@nps.gov,Male,289 226 0830,Portugal,10/4/2021
487,Emili,Girk,egirkdi@alibaba.com,Genderfluid,665 193 8616,China,12/17/2021
488,Shanda,Danskine,sdanskinedj@printfriendly.com,Female,658 525 3982,China,2/11/2022
489,Jewel,Pelling,jpellingdk@flavors.me,Female,219 559 4561,United States,6/13/2022
490,Robbie,Derycot,rderycotdl@cnbc.com,Male,245 214 3407,Belarus,7/18/2022
491,Quinta,Kibbye,qkibbyedm@cargocollective.com,Female,941 707 9642,Czech Republic,9/24/2021
492,Darius,Labbati,dlabbatidn@wikia.com,Male,216 766 2420,Venezuela,1/18/2022
493,Ashlen,Westnage,awestnagedo@flavors.me,Polygender,982 406 5427,China,4/15/2022
494,Kendra,Richarson,kricharsondp@nbcnews.com,Female,479 134 1260,United States,8/4/2022
495,Stephani,Dyton,sdytondq@wp.com,Female,656 376 3912,China,9/8/2021
496,West,McKaile,wmckailedr@yale.edu,Male,269 392 5133,China,11/20/2021
497,Kain,Danford,kdanfordds@prweb.com,Male,129 279 3134,Iran,7/17/2022
498,Carlin,Showte,cshowtedt@timesonline.co.uk,Bigender,466 401 3470,Croatia,9/24/2021
499,Ezequiel,Bolzen,ebolzendu@scribd.com,Male,956 283 7054,Russia,11/12/2021
500,Chan,Chalke,cchalkedv@google.co.jp,Male,864 939 6828,China,10/5/2021
501,Far,Ghelardoni,fghelardonidw@istockphoto.com,Male,813 567 4129,Indonesia,1/8/2022
502,Billie,Fewlass,bfewlassdx@uiuc.edu,Female,334 887 8858,United States,8/21/2021
503,Lutero,Dawley,ldawleydy@paginegialle.it,Male,138 360 4173,Portugal,11/26/2021
504,Lynnet,Matthaus,lmatthausdz@comcast.net,Female,172 442 9616,Burkina Faso,3/9/2022
505,Katey,Troke,ktrokee0@php.net,Female,127 486 6537,Venezuela,6/6/2022
506,Craggie,Cundy,ccundye1@usda.gov,Male,427 455 5690,Australia,5/10/2022
507,Barrett,Anscott,banscotte2@istockphoto.com,Male,985 591 0075,Uzbekistan,1/21/2022
508,Ellette,Letchmore,eletchmoree3@fda.gov,Female,131 526 7033,Russia,9/15/2021
509,Jozef,Asals,jasalse4@instagram.com,Male,214 961 6277,United States,12/8/2021
510,Giacobo,Maddigan,gmaddigane5@simplemachines.org,Male,391 805 6935,France,12/21/2021
511,Adolph,Vautrey,avautreye6@bloomberg.com,Male,828 388 5817,Indonesia,11/27/2021
512,Athena,Eadington,aeadingtone7@elegantthemes.com,Female,725 134 7199,Ivory Coast,6/14/2022
513,Maren,Skirlin,mskirline8@huffingtonpost.com,Female,759 240 2025,Senegal,6/19/2022
514,Buddie,Rabidge,brabidgee9@uol.com.br,Male,868 391 4367,Indonesia,10/24/2021
515,Emlynn,Bril,ebrilea@multiply.com,Agender,286 522 1302,Indonesia,11/23/2021
516,Wyatt,Flooks,wflookseb@bandcamp.com,Male,961 803 8118,Panama,6/4/2022
517,Ferris,Steed,fsteedec@dot.gov,Male,481 430 1343,Russia,11/23/2021
518,Lory,Lowrey,llowreyed@wiley.com,Female,722 534 3398,Colombia,7/11/2022
519,Archie,Peregrine,aperegrineee@fastcompany.com,Male,501 978 1281,Greece,5/13/2022
520,Hephzibah,Thring,hthringef@who.int,Bigender,109 719 4542,Ukraine,8/9/2022
521,Carlos,Brede,cbredeeg@creativecommons.org,Male,370 243 0245,Thailand,2/11/2022
522,Egan,Chapellow,echapelloweh@toplist.cz,Male,590 985 3484,Norway,11/29/2021
523,Shane,Greenman,sgreenmanei@mashable.com,Bigender,551 216 7451,Thailand,5/17/2022
524,Cyndy,Mapledoore,cmapledooreej@squarespace.com,Female,673 739 7413,Latvia,9/22/2021
525,Hermione,Butters,hbuttersek@slate.com,Female,570 534 3343,Laos,8/11/2022
526,Northrup,Legges,nleggesel@is.gd,Male,724 964 7867,Portugal,4/16/2022
527,Bernice,Sarson,bsarsonem@earthlink.net,Female,139 153 4696,Brazil,12/15/2021
528,Brad,Cowterd,bcowterden@yolasite.com,Male,817 451 0875,China,1/21/2022
529,Alfie,Gainfort,againforteo@paypal.com,Male,914 659 4103,Croatia,12/9/2021
530,Matthaeus,Baudichon,mbaudichonep@mozilla.org,Male,927 757 3023,Mexico,6/6/2022
531,Horton,McKibben,hmckibbeneq@acquirethisname.com,Non-binary,783 118 7635,China,7/18/2022
532,Alanna,Milberry,amilberryer@si.edu,Female,864 801 2410,China,6/1/2022
533,Bernette,Delany,bdelanyes@ovh.net,Female,708 287 9117,China,1/22/2022
534,Ingmar,Damerell,idamerellet@mtv.com,Male,477 930 4955,China,4/21/2022
535,Bancroft,Counsell,bcounselleu@trellian.com,Male,865 364 5914,Macedonia,9/5/2021
536,Coral,Champkins,cchampkinsev@plala.or.jp,Polygender,139 296 7293,China,8/25/2021
537,Archambault,Conn,aconnew@nba.com,Male,835 863 9393,Peru,11/5/2021
538,Veronique,Strutz,vstrutzex@cbslocal.com,Bigender,175 124 2513,Portugal,6/21/2022
539,Greta,Fieldgate,gfieldgateey@miitbeian.gov.cn,Female,867 596 2510,Peru,2/9/2022
540,Humfried,Shattock,hshattockez@europa.eu,Male,609 921 5033,United States,12/29/2021
541,Adriano,Archdeacon,aarchdeaconf0@bbc.co.uk,Male,658 889 0293,Indonesia,4/29/2022
542,Trescha,Maddicks,tmaddicksf1@joomla.org,Female,989 930 2312,Indonesia,10/15/2021
543,Twila,Marquess,tmarquessf2@livejournal.com,Female,210 607 9115,United States,3/11/2022
544,Marcus,Duiguid,mduiguidf3@globo.com,Male,935 483 9233,China,1/29/2022
545,Myrvyn,Komorowski,mkomorowskif4@netlog.com,Male,424 175 5191,Brazil,3/14/2022
546,Joice,Bazell,jbazellf5@webnode.com,Female,168 926 3356,Philippines,8/16/2021
547,Marcello,Van den Velden,mvandenveldenf6@paginegialle.it,Male,402 477 5750,Pakistan,8/17/2021
548,Wendy,Hightown,whightownf7@boston.com,Female,599 470 5339,Philippines,6/14/2022
549,Sam,Sharvill,ssharvillf8@nature.com,Male,859 839 4001,United States,11/5/2021
550,Nona,Dwine,ndwinef9@bing.com,Female,341 315 3694,China,3/23/2022
551,Roby,Goroni,rgoronifa@liveinternet.ru,Female,820 684 3883,France,5/17/2022
552,Ezekiel,Temple,etemplefb@harvard.edu,Male,783 495 1489,Japan,2/24/2022
553,Rosaline,Ordemann,rordemannfc@newsvine.com,Female,775 214 6334,China,1/17/2022
554,Petey,Goold,pgooldfd@gravatar.com,Male,337 469 3849,Philippines,11/5/2021
555,Blanca,Racine,bracinefe@gmpg.org,Female,964 402 1958,China,5/19/2022
556,Merrill,Ayrton,mayrtonff@indiegogo.com,Female,856 130 0506,Russia,12/8/2021
557,Car,Simonetto,csimonettofg@ebay.co.uk,Male,251 916 9399,China,11/2/2021
558,Eimile,Braxton,ebraxtonfh@github.io,Female,813 397 5106,China,5/7/2022
559,Isabella,Lotte,ilottefi@oracle.com,Female,152 602 5550,Indonesia,2/2/2022
560,Emmit,Atcock,eatcockfj@fema.gov,Male,914 700 1093,Russia,6/6/2022
561,Mano,Troyes,mtroyesfk@dion.ne.jp,Male,809 188 1682,China,4/26/2022
562,Davis,Wadman,dwadmanfl@vinaora.com,Male,795 653 7718,Russia,6/9/2022
563,Corbett,Doohey,cdooheyfm@instagram.com,Male,379 741 8153,Indonesia,9/18/2021
564,Kingston,Hamer,khamerfn@blog.com,Male,712 600 5266,Russia,5/21/2022
565,Hamlen,Bernollet,hbernolletfo@fastcompany.com,Male,979 264 9829,Honduras,5/20/2022
566,Huberto,Reeman,hreemanfp@webnode.com,Male,925 667 9547,Indonesia,2/21/2022
567,Glynn,Tick,gtickfq@mapy.cz,Male,655 477 0085,Poland,8/29/2021
568,Rhianon,Dicte,rdictefr@hibu.com,Female,525 602 4066,Argentina,1/14/2022
569,Jephthah,Andreacci,jandreaccifs@youtu.be,Male,680 332 3071,Philippines,3/1/2022
570,Nance,Brasener,nbrasenerft@zdnet.com,Female,207 405 2079,Argentina,12/14/2021
571,Matthaeus,Briatt,mbriattfu@fema.gov,Male,418 650 3253,France,10/5/2021
572,Arlee,Suter,asuterfv@tumblr.com,Bigender,138 864 6734,Russia,8/19/2021
573,Tillie,Gyorffy,tgyorffyfw@people.com.cn,Female,825 794 9692,Greece,12/12/2021
574,Domenic,Linggard,dlinggardfx@bluehost.com,Male,415 176 2323,Canada,1/4/2022
575,Mohandis,Burgin,mburginfy@pen.io,Male,429 292 9843,Philippines,12/29/2021
576,Jacky,Sowter,jsowterfz@edublogs.org,Male,248 342 8112,Madagascar,1/9/2022
577,Ricki,Stailey,rstaileyg0@dyndns.org,Female,980 397 9227,Philippines,2/6/2022
578,Jenelle,Sugar,jsugarg1@vistaprint.com,Polygender,137 329 4613,China,6/17/2022
579,Ase,Docwra,adocwrag2@com.com,Male,312 428 2830,China,12/30/2021
580,Cleopatra,Jupp,cjuppg3@google.cn,Female,358 974 2008,Czech Republic,11/22/2021
581,Fayette,Cutchie,fcutchieg4@squidoo.com,Female,530 909 8484,Indonesia,3/17/2022
582,Jillane,Webben,jwebbeng5@go.com,Female,137 421 4848,China,5/16/2022
583,Bradney,Calvie,bcalvieg6@joomla.org,Male,518 580 4566,Philippines,8/27/2021
584,Sigrid,Mattinson,smattinsong7@cbc.ca,Female,288 148 2962,Canada,3/29/2022
585,Sarita,Zelner,szelnerg8@instagram.com,Female,188 550 9934,China,11/28/2021
586,Paten,Greedier,pgreedierg9@wired.com,Male,186 242 4516,Philippines,5/7/2022
587,Pearline,Lyptrit,plyptritga@comsenz.com,Female,420 346 9487,China,7/18/2022
588,Timi,McPhilip,tmcphilipgb@buzzfeed.com,Female,892 818 6439,Philippines,3/30/2022
589,Brody,McGeady,bmcgeadygc@dion.ne.jp,Male,810 642 0622,Afghanistan,1/5/2022
590,Emmet,D'Angeli,edangeligd@theatlantic.com,Male,205 952 1110,Poland,1/13/2022
591,Wynn,Garmston,wgarmstonge@diigo.com,Male,298 205 7245,Russia,1/24/2022
592,Arabella,Cossell,acossellgf@time.com,Female,932 955 4966,Portugal,5/31/2022
593,Deck,Barritt,dbarrittgg@infoseek.co.jp,Male,674 276 3500,Indonesia,10/5/2021
594,Leslie,Mulbery,lmulberygh@list-manage.com,Male,936 900 0885,Brazil,9/12/2021
595,Manny,Gorrie,mgorriegi@delicious.com,Male,221 446 9413,Argentina,12/9/2021
596,Gibb,Agostini,gagostinigj@google.com.br,Male,604 724 6371,China,5/26/2022
597,Yule,Guillet,yguilletgk@wordpress.com,Male,459 774 6652,Finland,11/14/2021
598,Alanson,Rablan,arablangl@whitehouse.gov,Male,266 440 9211,Colombia,10/27/2021
599,Klarrisa,McGeorge,kmcgeorgegm@geocities.com,Female,589 121 7644,Peru,11/16/2021
600,Becka,Sibbering,bsibberinggn@weibo.com,Female,263 796 0401,Cuba,6/30/2022
601,Mercy,Fayer,mfayergo@exblog.jp,Female,183 125 3480,Kazakhstan,3/21/2022
602,Ber,Solano,bsolanogp@hibu.com,Male,774 743 3434,Poland,9/17/2021
603,Percival,Lawleff,plawleffgq@edublogs.org,Male,249 346 6268,Mauritius,2/22/2022
604,Michal,Stormouth,mstormouthgr@pen.io,Male,687 510 8380,Indonesia,5/15/2022
605,Shalom,Haldenby,shaldenbygs@deliciousdays.com,Genderfluid,581 665 1081,Afghanistan,4/23/2022
606,Brandise,Weekley,bweekleygt@cnbc.com,Female,813 770 9263,Philippines,8/16/2021
607,Ransell,Dace,rdacegu@google.com,Male,203 278 9022,United States,4/20/2022
608,Sheilakathryn,Magrane,smagranegv@stumbleupon.com,Female,256 539 6569,Vietnam,8/10/2022
609,Delia,Clemenceau,dclemenceaugw@independent.co.uk,Female,614 418 6557,Brazil,4/8/2022
610,Trey,Hirtzmann,thirtzmanngx@github.io,Male,170 412 1497,Mexico,7/20/2022
611,Cherida,Rooper,croopergy@etsy.com,Female,739 923 4956,Indonesia,7/19/2022
612,Lura,Renyard,lrenyardgz@reverbnation.com,Female,504 166 3385,Albania,6/21/2022
613,Halie,Muir,hmuirh0@wired.com,Female,270 715 7871,Sweden,8/18/2021
614,Winona,Mallall,wmallallh1@ted.com,Female,704 225 8648,Japan,3/7/2022
615,Amandy,Bernardt,abernardth2@sciencedaily.com,Female,391 821 2749,Indonesia,7/27/2022
616,Allegra,Rosenbush,arosenbushh3@slideshare.net,Female,913 425 0740,South Korea,7/10/2022
617,Deni,Minors,dminorsh4@nydailynews.com,Female,312 231 5532,Brazil,8/4/2022
618,Anthea,Claydon,aclaydonh5@imdb.com,Genderqueer,414 108 2775,Indonesia,11/5/2021
619,Felipa,Wharf,fwharfh6@tripod.com,Female,638 359 9380,China,8/18/2021
620,Milka,Kreuzer,mkreuzerh7@sakura.ne.jp,Non-binary,982 962 0582,Sweden,6/11/2022
621,Candida,Wale,cwaleh8@a8.net,Female,387 105 6665,China,6/30/2022
622,Emlyn,Caulfield,ecaulfieldh9@furl.net,Female,144 251 9677,Russia,8/9/2022
623,Sawyere,Baudy,sbaudyha@ifeng.com,Male,286 485 0306,Indonesia,1/22/2022
624,Sidnee,Cona,sconahb@fotki.com,Male,934 946 9061,Finland,2/15/2022
625,Gerik,Dunwoody,gdunwoodyhc@amazonaws.com,Male,653 132 8960,Russia,3/8/2022
626,Hayden,Fenimore,hfenimorehd@moonfruit.com,Male,833 674 4923,Mongolia,9/21/2021
627,Celle,Pattini,cpattinihe@auda.org.au,Female,329 223 4208,China,11/1/2021
628,Helaina,Bielfeldt,hbielfeldthf@clickbank.net,Female,659 638 5350,Dominican Republic,9/1/2021
629,Christabel,Braisby,cbraisbyhg@list-manage.com,Female,588 381 8396,Philippines,11/7/2021
630,Florri,Weber,fweberhh@trellian.com,Female,177 985 9587,Indonesia,11/28/2021
631,Pren,Ciccotti,pciccottihi@tinypic.com,Male,361 594 5909,Sweden,11/12/2021
632,Sarina,Grotty,sgrottyhj@photobucket.com,Female,857 475 5000,Indonesia,8/29/2021
633,Eugine,Oxshott,eoxshotthk@nhs.uk,Female,172 355 6419,Argentina,2/13/2022
634,Kipp,Woolerton,kwoolertonhl@feedburner.com,Male,697 732 8381,Philippines,3/10/2022
635,Terra,Peaden,tpeadenhm@drupal.org,Female,314 260 2418,Kazakhstan,6/7/2022
636,Otha,Spurrier,ospurrierhn@upenn.edu,Female,514 127 5380,China,7/4/2022
637,Bendicty,Hooban,bhoobanho@ted.com,Male,919 337 7960,Philippines,12/1/2021
638,Kai,Lefridge,klefridgehp@nih.gov,Female,972 547 0025,Indonesia,11/7/2021
639,Marris,Oughtright,moughtrighthq@bloglines.com,Female,615 630 7176,Greece,12/1/2021
640,Wolfie,Lulham,wlulhamhr@umn.edu,Male,284 500 2569,Portugal,1/14/2022
641,Clarence,Blaylock,cblaylockhs@shop-pro.jp,Male,354 183 3939,Brazil,9/26/2021
642,Chaddie,Bosence,cbosenceht@feedburner.com,Male,141 254 7890,China,4/8/2022
643,Max,Curee,mcureehu@sina.com.cn,Male,120 931 2077,Sierra Leone,3/17/2022
644,Regen,Germon,rgermonhv@dailymail.co.uk,Male,481 157 7568,Nigeria,8/28/2021
645,Alia,Nanuccioi,ananuccioihw@rediff.com,Polygender,768 329 5676,Afghanistan,1/18/2022
646,Kippar,Wathan,kwathanhx@dmoz.org,Male,326 631 9487,Vietnam,3/20/2022
647,Sibeal,McClaren,smcclarenhy@imageshack.us,Female,464 257 1899,China,12/30/2021
648,Clement,Gwilym,cgwilymhz@go.com,Male,715 661 4887,Sweden,10/13/2021
649,Cointon,Burmaster,cburmasteri0@photobucket.com,Male,643 571 9702,Indonesia,11/17/2021
650,Ravi,Phette,rphettei1@nih.gov,Male,186 142 5864,Yemen,9/28/2021
651,Justino,Thys,jthysi2@hubpages.com,Male,812 742 3009,Lithuania,6/27/2022
652,Ive,Siflet,isifleti3@sitemeter.com,Male,211 969 2058,Ivory Coast,3/19/2022
653,Margaretha,Ville,mvillei4@baidu.com,Genderqueer,374 869 0942,South Africa,11/10/2021
654,Emmanuel,Mourgue,emourguei5@senate.gov,Male,139 745 4943,Norway,3/29/2022
655,Corby,Lippi,clippii6@ebay.com,Polygender,917 638 9272,Jordan,10/13/2021
656,Rosalinda,Kadd,rkaddi7@freewebs.com,Female,914 414 8828,Poland,11/12/2021
657,Noellyn,Cramp,ncrampi8@squarespace.com,Female,813 280 2421,China,5/13/2022
658,Jaquith,Lindner,jlindneri9@wired.com,Female,287 485 1263,Czech Republic,10/25/2021
659,Roscoe,Ritmeyer,rritmeyeria@goodreads.com,Male,950 102 0830,Latvia,10/18/2021
660,Ali,Recke,areckeib@ted.com,Male,230 709 6534,China,11/15/2021
661,Jimmie,Bruun,jbruunic@businessweek.com,Male,400 775 8686,China,8/20/2021
662,Windham,Millen,wmillenid@eepurl.com,Male,253 865 7241,China,4/26/2022
663,Cary,Staden,cstadenie@harvard.edu,Female,320 324 2504,China,4/24/2022
664,Viv,Rouby,vroubyif@google.com.br,Female,834 587 6951,Saint Lucia,5/16/2022
665,Corine,Brockie,cbrockieig@yellowbook.com,Female,627 937 9770,Philippines,11/2/2021
666,Lisette,Chant,lchantih@ehow.com,Female,984 259 2473,Philippines,12/20/2021
667,Menard,Jiroutka,mjiroutkaii@godaddy.com,Male,879 659 3313,Costa Rica,12/3/2021
668,Janene,McClifferty,jmccliffertyij@dyndns.org,Female,502 878 1002,Poland,6/3/2022
669,Linc,Hegges,lheggesik@posterous.com,Male,327 925 3719,Brazil,10/30/2021
670,Aron,Wallwork,awallworkil@theguardian.com,Male,357 956 7240,Poland,10/14/2021
671,Merrel,Gonnin,mgonninim@telegraph.co.uk,Male,820 220 5184,Russia,10/21/2021
672,Deborah,Stallion,dstallionin@ft.com,Female,695 739 5301,Kenya,11/19/2021
673,Wanda,Oxborrow,woxborrowio@vk.com,Female,223 953 3032,China,9/25/2021
674,Rhiamon,Bowerbank,rbowerbankip@blogtalkradio.com,Female,100 622 6393,Sweden,3/7/2022
675,Christiane,Dyball,cdyballiq@state.gov,Female,497 181 1334,Brazil,7/2/2022
676,Maxy,Borborough,mborboroughir@tinypic.com,Genderqueer,112 168 9344,Portugal,5/11/2022
677,Devonne,Wynne,dwynneis@indiatimes.com,Female,123 140 5107,Portugal,2/20/2022
678,Odo,Garms,ogarmsit@icq.com,Male,775 695 7765,Nicaragua,1/31/2022
679,Christophorus,Domek,cdomekiu@buzzfeed.com,Male,920 721 1889,Argentina,3/24/2022
680,Lukas,Caukill,lcaukilliv@vistaprint.com,Male,320 449 2375,Russia,7/27/2022
681,Harrietta,Cucuzza,hcucuzzaiw@aol.com,Female,522 391 1836,China,8/16/2021
682,Sharline,Ozintsev,sozintsevix@illinois.edu,Female,581 597 9467,China,1/31/2022
683,Kain,Sadler,ksadleriy@patch.com,Male,239 321 4753,United States,11/18/2021
684,Aubrey,Lampens,alampensiz@about.me,Male,644 932 8707,Finland,6/15/2022
685,Elsey,McCalum,emccalumj0@vinaora.com,Female,685 334 7999,Japan,4/24/2022
686,Emmalyn,McElvine,emcelvinej1@wikimedia.org,Female,862 527 0635,Mexico,6/26/2022
687,Kelly,Mortlock,kmortlockj2@dion.ne.jp,Female,363 832 7910,Mongolia,12/1/2021
688,Zola,Gatehouse,zgatehousej3@chicagotribune.com,Female,153 402 2910,Indonesia,12/25/2021
689,Francois,Shottin,fshottinj4@storify.com,Male,783 145 7286,Poland,4/15/2022
690,Gussie,Alfonsetti,galfonsettij5@ycombinator.com,Female,202 555 4861,Brazil,9/27/2021
691,Conny,Colquhoun,ccolquhounj6@baidu.com,Female,425 998 4593,Russia,2/3/2022
692,Cletis,Hariot,chariotj7@vimeo.com,Male,741 110 8797,Poland,3/24/2022
693,Egbert,Tuckerman,etuckermanj8@hud.gov,Male,777 589 4317,Vietnam,8/16/2021
694,Barnard,Kumaar,bkumaarj9@amazon.co.uk,Male,899 198 7948,China,5/22/2022
695,Tamarah,Pedel,tpedelja@ftc.gov,Bigender,150 319 0717,Malaysia,7/23/2022
696,Allyn,Banbrick,abanbrickjb@privacy.gov.au,Male,600 592 4820,Indonesia,10/6/2021
697,Chanda,Losemann,closemannjc@fotki.com,Female,633 742 9520,Poland,9/25/2021
698,Sander,Crebott,screbottjd@jigsy.com,Male,714 357 8501,United States,1/23/2022
699,Bailie,Ullrich,bullrichje@ebay.com,Male,817 216 2190,China,4/14/2022
700,Weidar,Cundey,wcundeyjf@earthlink.net,Male,864 834 5984,Malaysia,4/2/2022
701,Archer,Louden,aloudenjg@lulu.com,Male,659 258 0432,China,10/2/2021
702,Ugo,Saville,usavillejh@nhs.uk,Male,988 640 2847,Greece,5/31/2022
703,Taffy,Tegeller,ttegellerji@newyorker.com,Female,550 787 8737,Poland,5/1/2022
704,Derron,MacMenamie,dmacmenamiejj@nydailynews.com,Male,478 490 5319,Lithuania,2/22/2022
705,Jonell,Vorley,jvorleyjk@jigsy.com,Bigender,732 857 4865,Indonesia,9/19/2021
706,Bret,de Clerc,bdeclercjl@un.org,Male,151 286 1007,Indonesia,2/15/2022
707,Dominick,Troak,dtroakjm@twitpic.com,Male,652 984 7867,China,11/19/2021
708,Roda,Corringham,rcorringhamjn@uol.com.br,Female,629 524 4272,Aland Islands,2/17/2022
709,Dyann,Road,droadjo@ox.ac.uk,Female,909 794 4952,Indonesia,9/10/2021
710,Albrecht,Jakubovits,ajakubovitsjp@comsenz.com,Male,202 212 8080,United States,6/21/2022
711,Pattin,Wildgoose,pwildgoosejq@ed.gov,Male,828 275 2909,China,5/20/2022
712,Xena,Boast,xboastjr@washington.edu,Non-binary,264 124 4092,Zimbabwe,6/9/2022
713,Tyson,Keetley,tkeetleyjs@storify.com,Male,258 628 8441,South Korea,1/12/2022
714,Stanislas,Kleinmintz,skleinmintzjt@shareasale.com,Male,515 187 7207,Thailand,2/5/2022
715,Joseito,Parres,jparresju@netscape.com,Male,249 889 9679,Indonesia,10/27/2021
716,Jolee,Tydeman,jtydemanjv@goo.ne.jp,Female,176 997 4176,Brazil,7/26/2022
717,Danny,Shillitoe,dshillitoejw@shutterfly.com,Female,834 782 0032,Vietnam,4/16/2022
718,Herve,Dinsdale,hdinsdalejx@webeden.co.uk,Male,879 143 8021,Indonesia,10/23/2021
719,Ola,O'Dowling,oodowlingjy@printfriendly.com,Female,506 460 4027,Russia,7/1/2022
720,Carma,Clawe,cclawejz@redcross.org,Female,609 108 3506,Indonesia,5/7/2022
721,Winny,Belliss,wbellissk0@ning.com,Male,371 804 4540,Philippines,10/16/2021
722,Zebadiah,Trownson,ztrownsonk1@xing.com,Male,945 431 3775,Switzerland,12/16/2021
723,Hayden,Tansill,htansillk2@redcross.org,Male,314 253 6741,Slovenia,12/28/2021
724,Johnny,Galloway,jgallowayk3@vistaprint.com,Male,341 745 0079,Russia,8/6/2022
725,Brietta,Hickinbottom,bhickinbottomk4@census.gov,Female,692 819 2949,Kazakhstan,5/13/2022
726,Lola,Cordelet,lcordeletk5@yahoo.co.jp,Female,877 705 4416,Vietnam,1/4/2022
727,Wald,Virgin,wvirgink6@hibu.com,Male,727 343 2325,Poland,8/18/2021
728,Torry,Erwin,terwink7@last.fm,Male,806 190 6648,Indonesia,3/7/2022
729,Dorree,Farmar,dfarmark8@yellowpages.com,Female,901 607 4455,Indonesia,2/16/2022
730,Jervis,Oland,jolandk9@dailymotion.com,Non-binary,511 328 0445,Ghana,9/7/2021
731,Junette,Gabrieli,jgabrielika@princeton.edu,Genderfluid,371 173 6678,Honduras,3/19/2022
732,Erastus,Stollard,estollardkb@netvibes.com,Male,830 459 9909,Indonesia,7/26/2022
733,Garfield,Alderman,galdermankc@4shared.com,Male,923 776 1616,Portugal,10/8/2021
734,Ermanno,Horsted,ehorstedkd@geocities.jp,Male,751 984 4371,Poland,1/7/2022
735,Giusto,Slowey,gsloweyke@fema.gov,Male,667 413 4098,Thailand,6/19/2022
736,Cassandre,Fontel,cfontelkf@alibaba.com,Female,925 622 4898,China,12/11/2021
737,Romola,Tocher,rtocherkg@wikispaces.com,Female,904 689 1388,China,7/10/2022
738,Analiese,Matelaitis,amatelaitiskh@csmonitor.com,Female,189 996 6363,Azerbaijan,11/8/2021
739,Johanna,Wesgate,jwesgateki@time.com,Female,538 162 1282,Morocco,9/29/2021
740,Tony,Ryal,tryalkj@loc.gov,Female,519 990 7436,Philippines,3/21/2022
741,Seka,Gooddy,sgooddykk@mac.com,Female,438 907 6643,Russia,3/3/2022
742,Rusty,Kenen,rkenenkl@hostgator.com,Male,124 240 8368,Peru,9/1/2021
743,Chrissy,Darrel,cdarrelkm@loc.gov,Agender,823 198 7492,Russia,3/4/2022
744,Carree,McAllaster,cmcallasterkn@flickr.com,Female,719 318 1503,Macedonia,8/28/2021
745,Gallagher,MacCollom,gmaccollomko@histats.com,Bigender,162 421 6438,China,11/4/2021
746,Jonas,McHale,jmchalekp@netlog.com,Male,780 419 5448,Philippines,8/18/2021
747,Agretha,Tansill,atansillkq@icio.us,Female,211 377 3323,Indonesia,5/21/2022
748,Tonie,Freeborne,tfreebornekr@skype.com,Female,366 467 1194,South Africa,6/1/2022
749,Sydney,Gerish,sgerishks@photobucket.com,Female,512 368 4737,Indonesia,11/7/2021
750,Marylinda,Stubley,mstubleykt@google.com,Non-binary,579 431 0837,Philippines,12/6/2021
751,Gerladina,Kovelmann,gkovelmannku@discovery.com,Female,114 101 1250,Russia,6/1/2022
752,Aurelea,Albon,aalbonkv@cdbaby.com,Female,882 497 5387,Sweden,9/24/2021
753,Cosette,Atheis,catheiskw@usa.gov,Female,334 423 0560,Sweden,3/12/2022
754,Allistir,Lening,aleningkx@digg.com,Male,462 943 0049,Vietnam,5/21/2022
755,Allin,Muckle,amuckleky@nationalgeographic.com,Male,890 639 3959,Philippines,8/8/2022
756,Jeanne,Hendin,jhendinkz@networkadvertising.org,Female,924 925 2968,United Kingdom,12/3/2021
757,Evanne,Rosenfield,erosenfieldl0@tripadvisor.com,Female,290 202 6114,Saudi Arabia,5/29/2022
758,Bat,Gilyott,bgilyottl1@opensource.org,Male,341 843 9214,Russia,11/13/2021
759,Daven,Kaveney,dkaveneyl2@uol.com.br,Male,674 628 1559,Malaysia,1/7/2022
760,Dre,Dasent,ddasentl3@mozilla.com,Female,754 756 2467,Georgia,7/30/2022
761,Glad,Ravilus,gravilusl4@walmart.com,Female,866 859 8172,Uganda,6/15/2022
762,Cassy,Bravington,cbravingtonl5@yolasite.com,Bigender,239 453 0690,Indonesia,8/1/2022
763,Jayne,Summerlee,jsummerleel6@adobe.com,Female,759 908 1884,China,7/15/2022
764,Dedie,Giorgini,dgiorginil7@cam.ac.uk,Female,205 703 2484,Syria,5/17/2022
765,Angel,Cracoe,acracoel8@merriam-webster.com,Female,868 850 9718,Nigeria,8/31/2021
766,Francklin,Ullyott,fullyottl9@webeden.co.uk,Polygender,539 236 9699,Sweden,7/22/2022
767,Thibaut,Benton,tbentonla@skyrock.com,Male,708 530 3544,Indonesia,2/8/2022
768,Turner,Turton,tturtonlb@prlog.org,Male,709 659 7477,Russia,2/12/2022
769,Fleming,Kleuer,fkleuerlc@alexa.com,Male,691 596 5618,Czech Republic,8/25/2021
770,Brandon,Sikora,bsikorald@cmu.edu,Male,747 555 7586,Ivory Coast,5/5/2022
771,Cullie,Sutterby,csutterbyle@list-manage.com,Male,496 474 3175,Russia,9/17/2021
772,Wynn,D'Hooghe,wdhooghelf@dropbox.com,Male,644 362 4551,Kazakhstan,11/10/2021
773,Andrej,Botting,abottinglg@cargocollective.com,Male,367 246 9269,Portugal,6/26/2022
774,Sasha,Bartusek,sbartuseklh@alibaba.com,Male,983 119 7177,Greece,5/18/2022
775,Kinsley,Osler,koslerli@nbcnews.com,Male,679 448 1692,Sweden,8/10/2022
776,Melania,Lamberto,mlambertolj@apache.org,Female,543 881 4852,Burundi,1/23/2022
777,Lolly,Aleswell,laleswelllk@privacy.gov.au,Female,249 211 6194,Russia,5/20/2022
778,Bambie,Riggs,briggsll@epa.gov,Female,676 107 2654,China,3/9/2022
779,Ula,Bucknall,ubucknalllm@histats.com,Female,987 970 7518,Indonesia,8/5/2022
780,Deerdre,Thompson,dthompsonln@who.int,Female,402 127 6833,China,12/6/2021
781,Steven,Borchardt,sborchardtlo@techcrunch.com,Male,353 199 1367,Peru,9/18/2021
782,Christiane,Abarough,cabaroughlp@google.de,Genderqueer,440 471 9650,Bulgaria,7/8/2022
783,Jeannette,Martini,jmartinilq@newsvine.com,Female,503 868 6737,Pakistan,4/4/2022
784,Georgia,Maneylaws,gmaneylawslr@imageshack.us,Female,203 728 0295,Poland,10/7/2021
785,Manolo,Demanche,mdemanchels@berkeley.edu,Male,215 416 9445,South Africa,5/2/2022
786,Kirsteni,Sandeland,ksandelandlt@vkontakte.ru,Female,992 115 9662,China,3/7/2022
787,Aloise,Bragger,abraggerlu@gmpg.org,Female,740 639 2684,Indonesia,1/5/2022
788,Pavel,Lis,plislv@angelfire.com,Male,130 367 7338,Russia,3/14/2022
789,Etan,Kidde,ekiddelw@stanford.edu,Male,222 739 0314,Poland,5/8/2022
790,Josee,Mowlam,jmowlamlx@google.it,Female,592 215 8695,Mongolia,10/9/2021
791,Wylie,Gumley,wgumleyly@phoca.cz,Male,549 811 8437,China,9/10/2021
792,Farrand,Cronchey,fcroncheylz@statcounter.com,Female,850 628 2885,Albania,3/26/2022
793,Gelya,Glayzer,gglayzerm0@opensource.org,Female,803 240 7188,Argentina,4/1/2022
794,Nicole,Fuzzard,nfuzzardm1@cdc.gov,Female,171 582 7944,Ghana,8/3/2022
795,Nanine,Jillings,njillingsm2@google.nl,Genderfluid,689 342 6363,China,7/9/2022
796,Tiler,Cowthart,tcowthartm3@loc.gov,Male,874 183 0257,Japan,1/20/2022
797,Casper,Hynd,chyndm4@howstuffworks.com,Male,930 820 5144,China,4/19/2022
798,Benedicto,Shemwell,bshemwellm5@trellian.com,Male,636 923 8938,Greece,1/11/2022
799,Tiebold,Meers,tmeersm6@e-recht24.de,Male,413 398 3315,Portugal,4/15/2022
800,Carrie,Le Grys,clegrysm7@cornell.edu,Female,661 508 0416,Poland,11/4/2021
801,Finley,Gotthard.sf,fgotthardsfm8@tamu.edu,Male,515 371 5757,Morocco,7/15/2022
802,Giralda,Linsey,glinseym9@ft.com,Female,233 897 3915,Afghanistan,12/7/2021
803,Tymothy,Noir,tnoirma@nhs.uk,Male,385 498 5894,Dominican Republic,11/23/2021
804,Isabeau,Andrusov,iandrusovmb@ihg.com,Female,510 575 0212,France,11/29/2021
805,Andrej,Mitchiner,amitchinermc@livejournal.com,Male,745 547 4242,Peru,3/20/2022
806,Zaria,Probin,zprobinmd@nsw.gov.au,Female,591 168 2668,Philippines,9/16/2021
807,Kingsley,Wikey,kwikeyme@telegraph.co.uk,Male,856 615 2256,Czech Republic,5/16/2022
808,Emile,MacLennan,emaclennanmf@example.com,Polygender,205 406 2991,United States,12/4/2021
809,Corrie,Hub,chubmg@sbwire.com,Female,873 258 2515,Brazil,5/28/2022
810,Andras,Jacklin,ajacklinmh@theatlantic.com,Male,574 547 8504,Indonesia,3/3/2022
811,Alix,Pauncefoot,apauncefootmi@fema.gov,Female,145 820 3594,Zambia,1/7/2022
812,Cordie,Moberley,cmoberleymj@sina.com.cn,Female,756 151 8540,Nigeria,5/27/2022
813,Karen,Klosser,kklossermk@qq.com,Female,817 403 6781,Japan,11/5/2021
814,Clemence,Reen,creenml@google.pl,Female,286 393 6017,Portugal,3/1/2022
815,Lanita,Fosdike,lfosdikemm@amazonaws.com,Female,710 835 6678,China,2/3/2022
816,Carie,Dumphries,cdumphriesmn@prnewswire.com,Female,802 249 6679,Indonesia,5/26/2022
817,Hartwell,Ambrogini,hambroginimo@deviantart.com,Male,610 360 7977,Pakistan,12/9/2021
818,Tracie,Sterman,tstermanmp@vistaprint.com,Female,184 375 5046,Indonesia,6/14/2022
819,Addison,Dungate,adungatemq@dyndns.org,Male,320 258 2050,Sweden,12/11/2021
820,Catriona,Rodenborch,crodenborchmr@java.com,Female,458 579 1064,Indonesia,4/20/2022
821,Dorise,Ragot,dragotms@nasa.gov,Female,874 454 7857,China,2/16/2022
822,Wayland,Worvill,wworvillmt@yahoo.co.jp,Male,623 721 4590,Lebanon,3/22/2022
823,Major,Sumpter,msumptermu@bing.com,Agender,914 604 6846,Argentina,10/18/2021
824,Dulcie,Romans,dromansmv@imageshack.us,Bigender,293 660 2136,Sweden,4/20/2022
825,Rozalin,Reddington,rreddingtonmw@privacy.gov.au,Female,404 597 8120,Colombia,3/5/2022
826,Dolf,Gainsbury,dgainsburymx@nps.gov,Male,243 445 2204,Portugal,2/28/2022
827,Craggy,Daintree,cdaintreemy@marketwatch.com,Male,866 346 4937,France,5/20/2022
828,Conrad,Dailly,cdaillymz@mayoclinic.com,Male,505 254 8019,Indonesia,2/6/2022
829,Mercy,Batterham,mbatterhamn0@amazon.co.uk,Female,450 931 1254,Russia,1/17/2022
830,Fanny,Ahren,fahrenn1@comcast.net,Genderfluid,535 762 3477,Japan,4/27/2022
831,Casper,Archdeacon,carchdeaconn2@abc.net.au,Male,335 912 9809,Jamaica,8/27/2021
832,Yolanthe,Kisbee,ykisbeen3@nyu.edu,Female,926 903 1992,France,6/8/2022
833,Belia,Gantzer,bgantzern4@amazon.com,Female,703 773 3460,Russia,10/9/2021
834,Ruggiero,Mozzetti,rmozzettin5@quantcast.com,Male,592 116 6147,China,3/19/2022
835,Georgi,Lafranconi,glafranconin6@bing.com,Male,537 635 0923,Canada,10/28/2021
836,Theodoric,Lehenmann,tlehenmannn7@va.gov,Male,479 521 2929,Poland,2/14/2022
837,Barnebas,Waterhouse,bwaterhousen8@cocolog-nifty.com,Male,614 183 1181,Indonesia,9/16/2021
838,Jonathon,Hurren,jhurrenn9@pen.io,Male,153 937 4484,Philippines,7/6/2022
839,Katee,Laurence,klaurencena@cafepress.com,Female,781 874 3507,China,11/1/2021
840,Jori,Weson,jwesonnb@booking.com,Female,513 806 4412,Indonesia,11/14/2021
841,Ad,Weeden,aweedennc@eepurl.com,Male,913 657 7064,Philippines,10/26/2021
842,Deedee,Camelia,dcameliand@slideshare.net,Female,484 623 2819,Japan,1/23/2022
843,Rick,Thorpe,rthorpene@youtube.com,Male,738 994 4572,Philippines,2/20/2022
844,Kyrstin,Wreight,kwreightnf@cafepress.com,Female,167 425 4900,China,12/14/2021
845,Morgun,Stanway,mstanwayng@scientificamerican.com,Male,396 822 2522,Poland,4/3/2022
846,Dorine,Kenford,dkenfordnh@home.pl,Female,954 243 7530,France,7/4/2022
847,Merle,Rontree,mrontreeni@bloglovin.com,Male,748 651 9277,France,9/29/2021
848,Denni,Gittus,dgittusnj@51.la,Female,727 387 7845,Poland,11/17/2021
849,Emmet,Kuhnwald,ekuhnwaldnk@techcrunch.com,Male,634 609 0014,Poland,2/7/2022
850,Sybil,Hartrick,shartricknl@sphinn.com,Female,695 164 4477,Brazil,2/24/2022
851,Nathaniel,Le Brun,nlebrunnm@privacy.gov.au,Male,968 785 5715,Ukraine,3/31/2022
852,Veronica,Ahlf,vahlfnn@state.tx.us,Female,629 139 3484,Greece,11/2/2021
853,Randene,Curry,rcurryno@multiply.com,Female,357 565 0110,Ireland,10/17/2021
854,Ceciley,Climar,cclimarnp@people.com.cn,Female,598 453 1724,China,10/1/2021
855,Remington,O'Cleary,roclearynq@netlog.com,Male,712 815 5689,Mexico,8/31/2021
856,Gonzales,Carling,gcarlingnr@slashdot.org,Male,800 192 1174,Armenia,3/22/2022
857,Genovera,Kehri,gkehrins@geocities.jp,Female,104 824 9366,China,1/26/2022
858,Fanechka,Lippitt,flippittnt@senate.gov,Female,248 617 3294,China,11/4/2021
859,Alina,Spoerl,aspoerlnu@slashdot.org,Agender,167 308 7258,Russia,3/11/2022
860,Marne,Rau,mraunv@posterous.com,Female,427 946 9673,China,10/15/2021
861,Garry,Kleinstein,gkleinsteinnw@sakura.ne.jp,Male,722 153 5986,Philippines,5/12/2022
862,Yoko,Dronsfield,ydronsfieldnx@blogs.com,Female,620 563 9376,Indonesia,8/6/2022
863,Chicky,Suddell,csuddellny@feedburner.com,Female,596 927 6179,China,8/10/2022
864,Maud,Preddy,mpreddynz@sphinn.com,Female,343 685 0383,Montenegro,2/3/2022
865,Oliy,Cappineer,ocappineero0@dedecms.com,Female,272 686 5299,Canada,10/16/2021
866,Decca,Balden,dbaldeno1@networksolutions.com,Male,493 804 3245,Peru,8/27/2021
867,Patricia,Widd,pwiddo2@soup.io,Female,245 113 3431,Philippines,4/12/2022
868,Harman,McKirdy,hmckirdyo3@nhs.uk,Male,760 312 7943,Tanzania,10/2/2021
869,Minta,Ghelardi,mghelardio4@meetup.com,Female,421 117 8459,Aland Islands,5/22/2022
870,Dill,Vella,dvellao5@fc2.com,Male,643 257 3772,Sweden,11/2/2021
871,Page,Mumby,pmumbyo6@ask.com,Female,946 505 5464,Croatia,3/30/2022
872,Staffard,Sprackling,sspracklingo7@arstechnica.com,Male,298 212 1834,Philippines,11/10/2021
873,Ninette,Gillies,ngillieso8@yolasite.com,Female,185 709 0660,Indonesia,2/2/2022
874,Shelli,O'Rudden,soruddeno9@skyrock.com,Female,498 385 9985,Cuba,8/17/2021
875,Jeno,Loiterton,jloitertonoa@google.nl,Male,111 400 9938,Lithuania,6/26/2022
876,Gordon,Hullyer,ghullyerob@joomla.org,Male,471 753 0476,Brazil,3/6/2022
877,Carey,Ostler,costleroc@businessinsider.com,Female,584 195 9349,Serbia,11/5/2021
878,Ricky,Swanborough,rswanboroughod@bloglines.com,Bigender,616 535 9847,Costa Rica,9/27/2021
879,Griff,Rowell,growelloe@si.edu,Male,995 150 9230,Guinea,4/26/2022
880,Molli,Fahrenbacher,mfahrenbacherof@w3.org,Female,908 626 5421,Bangladesh,6/29/2022
881,Benton,Buckthorpe,bbuckthorpeog@blogspot.com,Male,188 555 7949,Laos,4/28/2022
882,Blake,Veivers,bveiversoh@reddit.com,Male,952 679 7473,Poland,7/17/2022
883,Garey,Baynon,gbaynonoi@360.cn,Male,753 597 4974,Sweden,6/4/2022
884,Aylmar,Dallman,adallmanoj@purevolume.com,Polygender,963 654 6312,Comoros,1/14/2022
885,Winny,Elstone,welstoneok@biblegateway.com,Female,111 376 3899,Italy,8/10/2022
886,Georgena,Frossell,gfrossellol@ocn.ne.jp,Female,790 777 8748,Indonesia,12/25/2021
887,Jessie,Eagers,jeagersom@jiathis.com,Female,820 879 1188,Vietnam,1/18/2022
888,Templeton,Haeslier,thaeslieron@mayoclinic.com,Male,805 836 4475,Indonesia,8/27/2021
889,Amata,McKinnon,amckinnonoo@alexa.com,Female,832 889 9061,China,8/5/2022
890,Matthus,Larwell,mlarwellop@fotki.com,Male,740 658 8005,Hungary,11/9/2021
891,Thane,Guntrip,tguntripoq@cafepress.com,Male,359 686 5429,Philippines,5/24/2022
892,Ethelin,Platt,eplattor@csmonitor.com,Female,236 868 9994,Ukraine,4/14/2022
893,Amandie,de Grey,adegreyos@tinypic.com,Female,685 299 5791,Portugal,10/31/2021
894,Elsworth,Murrie,emurrieot@hc360.com,Male,669 729 9773,China,8/30/2021
895,Jamil,Leveridge,jleveridgeou@istockphoto.com,Male,448 586 2441,Japan,7/9/2022
896,Kendrick,Drabble,kdrabbleov@discovery.com,Male,990 717 3257,Czech Republic,10/25/2021
897,Isidor,Poff,ipoffow@artisteer.com,Male,569 379 7514,France,4/17/2022
898,Malanie,Ecob,mecobox@seattletimes.com,Female,639 565 4403,Greece,1/5/2022
899,Lulu,Matthias,lmatthiasoy@simplemachines.org,Female,581 244 7971,Philippines,3/26/2022
900,Jonie,Klauer,jklaueroz@mit.edu,Female,535 587 1172,Indonesia,1/19/2022
901,Vernon,Hiner,vhinerp0@ocn.ne.jp,Male,448 405 4733,Russia,10/19/2021
902,Drew,Tettley,dtettleyp1@google.com.au,Male,805 422 9825,Philippines,12/6/2021
903,Mack,Rubinivitz,mrubinivitzp2@oaic.gov.au,Male,753 835 5786,Brazil,12/20/2021
904,Amber,Bennet,abennetp3@ihg.com,Female,247 509 8309,Russia,3/14/2022
905,Duff,Wyley,dwyleyp4@meetup.com,Male,628 178 0875,Mongolia,9/20/2021
906,Skylar,Fliege,sfliegep5@webeden.co.uk,Male,998 437 1612,China,9/15/2021
907,Carri,McMeeking,cmcmeekingp6@homestead.com,Female,610 232 3838,Russia,11/11/2021
908,Merv,Jarratt,mjarrattp7@wikimedia.org,Male,311 963 9396,Japan,8/10/2022
909,Robbin,Follos,rfollosp8@xinhuanet.com,Female,285 770 9344,Philippines,1/14/2022
910,Nyssa,Featherstonehaugh,nfeatherstonehaughp9@marketwatch.com,Female,150 460 7958,Portugal,7/8/2022
911,Neville,Hudel,nhudelpa@hao123.com,Male,241 319 2257,Greece,2/17/2022
912,Temp,Heady,theadypb@cbsnews.com,Male,146 421 7319,China,11/22/2021
913,Zaneta,Tofano,ztofanopc@earthlink.net,Female,154 600 6261,Colombia,8/24/2021
914,Nathanial,Blything,nblythingpd@yolasite.com,Male,437 121 9310,Ecuador,11/23/2021
915,Rickey,Skehan,rskehanpe@over-blog.com,Male,200 622 8839,Macedonia,2/20/2022
916,Tove,Leale,tlealepf@samsung.com,Bigender,602 807 9188,Russia,9/18/2021
917,Nealson,Cosens,ncosenspg@cnet.com,Male,371 857 6513,Russia,6/16/2022
918,Dyna,Rodell,drodellph@multiply.com,Female,399 272 9335,Serbia,11/10/2021
919,Arluene,Mackilpatrick,amackilpatrickpi@vkontakte.ru,Female,742 785 3846,Israel,1/30/2022
920,Roscoe,Walewicz,rwalewiczpj@usgs.gov,Male,363 885 6946,Sweden,1/24/2022
921,Leroi,Rudsdell,lrudsdellpk@yolasite.com,Male,100 301 5165,Ireland,12/14/2021
922,Renaud,Torald,rtoraldpl@pcworld.com,Male,171 874 4752,Russia,4/15/2022
923,Shelley,Lemmer,slemmerpm@discovery.com,Male,918 330 6381,China,2/7/2022
924,Vickie,Beathem,vbeathempn@spiegel.de,Female,404 893 3796,Greece,11/28/2021
925,Corene,Weatherup,cweatheruppo@telegraph.co.uk,Female,267 227 8575,Indonesia,8/28/2021
926,Julie,Dondon,jdondonpp@washingtonpost.com,Male,162 332 0720,Philippines,1/20/2022
927,Orland,Aaronsohn,oaaronsohnpq@marketwatch.com,Male,789 186 5839,Poland,3/9/2022
928,Laryssa,Longden,llongdenpr@histats.com,Female,676 239 6652,Micronesia,3/28/2022
929,Katleen,Dorney,kdorneyps@alexa.com,Female,243 580 1833,Peru,5/28/2022
930,Blythe,Chalkly,bchalklypt@si.edu,Female,815 872 1847,Ecuador,7/16/2022
931,Darryl,Smithson,dsmithsonpu@mozilla.com,Male,572 227 4184,China,12/2/2021
932,Blaine,Kenwin,bkenwinpv@seattletimes.com,Male,307 519 5661,Indonesia,11/9/2021
933,Orelle,Lycett,olycettpw@google.com.hk,Non-binary,817 666 0115,Azerbaijan,8/13/2021
934,Whittaker,Critchard,wcritchardpx@deliciousdays.com,Male,964 251 7002,Estonia,12/14/2021
935,Leroy,Llewellen,lllewellenpy@oakley.com,Male,515 693 3683,Colombia,5/26/2022
936,Leonelle,Gomersal,lgomersalpz@slate.com,Bigender,453 799 1327,Argentina,2/7/2022
937,Agathe,Roylance,aroylanceq0@google.nl,Female,714 699 3039,Indonesia,5/12/2022
938,Geoff,Bernadot,gbernadotq1@123-reg.co.uk,Male,900 942 7832,Indonesia,7/24/2022
939,Grantley,Rozsa,grozsaq2@intel.com,Bigender,441 966 4613,Sweden,11/20/2021
940,Andris,Tosspell,atosspellq3@g.co,Male,277 738 2017,China,8/5/2022
941,Chickie,Bairnsfather,cbairnsfatherq4@europa.eu,Female,546 950 5321,Brazil,1/14/2022
942,Constantine,Mc Gorley,cmcgorleyq5@amazon.com,Male,411 207 2028,Indonesia,8/31/2021
943,Bree,Petters,bpettersq6@networksolutions.com,Female,310 529 1987,Indonesia,9/26/2021
944,Jose,Hale,jhaleq7@pbs.org,Male,521 443 7689,Indonesia,5/3/2022
945,Kirsti,Ballay,kballayq8@typepad.com,Female,804 538 3944,Gambia,10/10/2021
946,Michel,Charnick,mcharnickq9@independent.co.uk,Male,603 970 9455,Philippines,8/29/2021
947,Agnes,Piggott,apiggottqa@mlb.com,Female,513 952 1251,United States,3/20/2022
948,Charissa,Edgett,cedgettqb@mac.com,Female,856 691 1638,Bulgaria,10/7/2021
949,Jaquelin,O'Sharry,josharryqc@tuttocitta.it,Female,316 882 2977,Portugal,5/17/2022
950,Marget,Mozzini,mmozziniqd@constantcontact.com,Female,201 496 7758,Jordan,9/30/2021
951,Arlyne,Fannin,afanninqe@issuu.com,Polygender,190 261 9119,Russia,11/16/2021
952,Raymond,McCray,rmccrayqf@deliciousdays.com,Male,513 427 4780,China,7/24/2022
953,Glenden,Nappin,gnappinqg@myspace.com,Male,566 828 1239,Colombia,5/4/2022
954,Kort,Cerie,kcerieqh@independent.co.uk,Male,318 133 2555,United States,5/30/2022
955,Horton,Sailor,hsailorqi@dedecms.com,Male,991 352 1880,Peru,4/3/2022
956,Carrie,O'Scannill,coscannillqj@hao123.com,Female,652 637 3052,Portugal,4/9/2022
957,Frederique,Ericssen,fericssenqk@weather.com,Female,286 892 9108,Russia,2/13/2022
958,Marchelle,Irdale,mirdaleql@yale.edu,Female,493 943 9304,Indonesia,8/28/2021
959,Eba,Fendlow,efendlowqm@ehow.com,Female,910 407 9960,Colombia,12/23/2021
960,Olympe,Ickowicz,oickowiczqn@blog.com,Female,952 562 4008,Norway,5/29/2022
961,Yorker,Cliffe,ycliffeqo@google.cn,Male,115 611 0845,New Zealand,2/5/2022
962,Farlie,Grantham,fgranthamqp@constantcontact.com,Male,849 793 9850,France,6/9/2022
963,Rockey,Johnsson,rjohnssonqq@nba.com,Male,157 824 4032,China,8/26/2021
964,Lilia,Ogbourne,logbourneqr@narod.ru,Female,432 359 0853,Philippines,5/26/2022
965,Vito,Gumley,vgumleyqs@blogtalkradio.com,Male,561 705 5796,China,10/29/2021
966,Abbye,Cordall,acordallqt@usnews.com,Female,839 972 1839,Ukraine,11/3/2021
967,Meredeth,Lovitt,mlovittqu@bloglovin.com,Male,434 245 8560,Indonesia,2/3/2022
968,Koralle,Tribbeck,ktribbeckqv@statcounter.com,Female,574 429 1085,Syria,12/4/2021
969,Ailey,Mingauld,amingauldqw@cnbc.com,Female,118 785 9595,Indonesia,4/28/2022
970,Ralf,Placido,rplacidoqx@hhs.gov,Male,912 740 4565,China,8/5/2022
971,Jeannie,Sim,jsimqy@ftc.gov,Female,282 647 2482,Japan,9/7/2021
972,Elfrieda,Skevington,eskevingtonqz@hubpages.com,Genderfluid,136 654 0176,China,10/14/2021
973,Katuscha,MacAndrew,kmacandrewr0@tripod.com,Non-binary,968 937 7280,Peru,7/7/2022
974,Vincenz,Hamor,vhamorr1@deliciousdays.com,Male,817 262 1285,Albania,5/7/2022
975,Gillie,Sandhill,gsandhillr2@is.gd,Female,331 976 5817,Portugal,12/7/2021
976,Doy,Sperski,dsperskir3@amazon.de,Male,781 338 3294,China,12/1/2021
977,Raviv,Wooff,rwooffr4@ezinearticles.com,Male,676 763 4452,Estonia,9/10/2021
978,Carmela,Samme,csammer5@quantcast.com,Female,150 275 8307,Madagascar,7/15/2022
979,Christabel,Payfoot,cpayfootr6@squidoo.com,Female,562 314 9880,China,2/28/2022
980,Vivi,Weedenburg,vweedenburgr7@infoseek.co.jp,Female,905 289 7470,China,3/17/2022
981,Christian,Couche,ccoucher8@java.com,Female,407 833 6266,South Africa,2/12/2022
982,Lanna,Wysome,lwysomer9@independent.co.uk,Female,139 402 5730,Philippines,6/24/2022
983,Wright,Steen,wsteenra@whitehouse.gov,Male,650 353 5167,Estonia,12/15/2021
984,Hanni,Rotter,hrotterrb@howstuffworks.com,Female,490 660 6024,Indonesia,2/16/2022
985,Rickard,Orring,rorringrc@state.tx.us,Male,643 996 1021,Mongolia,6/9/2022
986,Sayre,Burlay,sburlayrd@adobe.com,Female,691 704 2133,China,8/26/2021
987,Marve,Skidmore,mskidmorere@blogs.com,Male,469 990 4435,South Korea,11/8/2021
988,Farr,Acum,facumrf@live.com,Male,347 674 1432,Serbia,10/8/2021
989,Balduin,McTrustie,bmctrustierg@networkadvertising.org,Male,797 691 4371,France,8/7/2022
990,Faydra,Androlli,fandrollirh@zimbio.com,Female,466 772 9990,Peru,1/8/2022
991,Briant,Muncey,bmunceyri@rakuten.co.jp,Non-binary,442 460 4069,Russia,8/28/2021
992,Bernadene,Sharvill,bsharvillrj@qq.com,Female,277 321 3735,Philippines,10/22/2021
993,Tarrah,Gobeau,tgobeaurk@mashable.com,Female,379 380 6248,Syria,10/24/2021
994,Steffen,Collymore,scollymorerl@jigsy.com,Male,134 267 0132,Russia,8/4/2022
995,Baily,Trayhorn,btrayhornrm@dell.com,Male,514 538 4875,Mexico,12/25/2021
996,Wilden,Clemits,wclemitsrn@ted.com,Male,770 733 2310,United States,11/27/2021
997,Goober,McLukie,gmclukiero@constantcontact.com,Male,115 822 2280,France,8/26/2021
998,Concordia,Corsan,ccorsanrp@skype.com,Female,776 137 7799,France,8/4/2022
999,Paxton,Redish,predishrq@jugem.jp,Male,516 181 3813,Curacao,10/29/2021
1000,Emelina,Giovanardi,egiovanardirr@tamu.edu,Female,986 272 4762,Portugal,5/20/2022
